id	parentId	name	abstract	createdDate	updatedDate
0072881f-9aac-4707-bb3f-7488a4817b46	c9c2c18c-2d5a-4203-a9d9-1b320eca3299	Yakima salt solution (has recipe)	0	2022-01-10 05:07:15.895972	2022-01-10 05:26:20.000000
00a9afc9-6ffc-4c69-b703-a8f0d1522b7c	3db25894-0a9a-4133-bded-f42285e4de11	strawberry	0	2022-01-09 19:56:47.998697	2023-07-04 23:20:14.000000
00b9dfb1-2496-443a-a65b-4a6ca5af7789	efc98a40-c0af-4457-b4c0-8368614e63c4	Stone Fruit	1	2023-07-04 19:46:26.007424	2023-07-04 19:46:26.007424
013ab9c5-497b-45b4-a997-b35da9a30827	455c0a48-478a-43ea-8d51-0d934b4db737	crème de violette	0	2022-01-06 21:22:47.098515	2023-07-04 23:13:06.000000
015dda87-2af4-4fef-b4f0-ffccb3b72900	8adea4e2-ccb0-4080-8e01-0edeb7731e3c	cloves	0	2021-03-02 06:23:24.073765	2021-03-02 06:23:24.073765
017212d7-29cc-4a60-ac6c-bb4e99a6088c	6fa0d3a9-c4e0-4434-92c0-176434a12d70	akvavit	0	2022-01-10 05:07:15.499274	2023-07-04 23:22:35.000000
01d69ac2-3dd6-4c40-983b-e994462c98a9	efc98a40-c0af-4457-b4c0-8368614e63c4	pineapple	0	2022-01-08 20:37:17.543779	2023-07-04 23:20:23.000000
022ec667-b0fb-451b-921b-fa48a1cfd097	c27656c3-5d21-487d-b797-6a44e975cdaa	carbonated chai tea	0	2022-11-11 22:48:18.243934	2022-11-11 22:55:05.000000
026e1abe-b8c8-4e56-bc84-58c4238f62ac	43e6debb-587d-4178-8930-05ecf4d867de	blood orange soda	0	2022-01-10 05:07:16.842995	2022-01-10 05:27:14.000000
02a04625-67aa-4e56-873f-2d510eb94bae	b63a6d9c-b629-4701-a189-ffe111291fa3	cocktail skewer	0	2022-11-11 22:48:17.864256	2022-11-11 22:54:33.000000
0352d0bf-59ca-465e-8960-b24163428226	587e2d1c-e033-46e8-ba82-e1494e0671af	fruit-infused gin	1	2022-01-16 22:39:05.530648	2022-01-16 22:39:05.530648
04172f8a-6b70-4ec3-8dbb-90fe842833ad	3466a32f-5eba-4664-b2ff-b27279931d1c	light rum	0	2022-01-10 05:07:22.898768	2022-01-10 05:27:24.000000
044d5d83-698f-4aa0-8711-4d10b7cc932a	8adea4e2-ccb0-4080-8e01-0edeb7731e3c	cayenne	0	2021-03-02 06:23:11.767073	2021-03-02 06:23:11.767073
045a0b0d-de41-486c-8ef1-1206707c4bbc	d9b9df18-11b6-4390-8b1b-4aaaf14a4dca	pomegranate juice	0	2022-01-10 05:07:26.296297	2022-01-10 05:26:52.000000
04da749f-1f00-4dd8-8774-f752e769f061	14628b22-0785-4099-9760-0c34a2adaff9	peppermint	0	2022-01-10 05:07:25.545623	2022-01-10 05:27:56.000000
060383a4-c25d-45c1-894d-4ebdf9d6f010	bc25750f-c111-4694-801e-ca659c8f42b4	amaretto	0	2020-11-22 20:03:58.760512	2023-07-04 23:18:01.000000
0636760b-0cc3-438c-842a-583236938768	d9b9df18-11b6-4390-8b1b-4aaaf14a4dca	tomato juice	0	2020-11-22 20:03:58.760512	2022-01-06 22:35:35.000000
07db186e-cf4a-41d7-b655-c21aff9ae268	6cbaa6f4-9b4f-4ca7-812e-d98b78716db7	Beaujolais wine	0	2021-03-02 06:22:50.322593	2021-03-02 06:22:50.322593
081c2169-b58e-4b38-acb3-fc98efd2a7d8	14628b22-0785-4099-9760-0c34a2adaff9	cilantro	0	2023-07-04 21:47:21.719819	2023-07-04 23:15:07.000000
0831ab65-a3ce-4e04-a572-ef84e1ac6499	4b72a73f-b428-4a0d-8302-54cc3d4f4d3f	dry sparkling wine	0	2022-01-10 05:07:20.532946	2022-01-10 05:27:48.000000
087be365-c81d-4034-8cbb-ede6c685253b	0dde72ed-a73e-4c27-b32b-51bc6242adcf	whisky-honey liqueur	0	2023-07-01 17:39:23.352640	2023-07-04 23:23:34.000000
08a3dc4c-74ed-410e-8f5a-2f51494c43da	1344e17b-fd13-4768-8c6b-93fbb96296e2	armagnac	0	2023-07-04 21:44:43.910745	2023-07-04 23:18:11.000000
08c03ebb-840a-49af-9341-dbddaf4a4561	1cb4019e-2f8f-4908-ad1d-6ce704c56ee6	Absinthe Blanc	0	2022-11-11 22:36:27.257785	2022-11-11 22:54:53.000000
09bc8b34-40ea-4102-ab76-0d69c5b31120	a54fdf4e-4790-4e22-80b7-1e9152725bda	malted milk powder	0	2021-03-02 06:23:16.104854	2021-03-02 06:23:16.104854
09cfd702-7103-405f-b9e0-303ef0209df4	3736ddfe-db42-4f31-b94b-b7e66b950ff2	Bitters	1	2020-11-29 19:06:26.283287	2022-01-10 05:26:42.000000
0a6205c5-bbc3-4122-9d0a-75dcfcadf2bc	77869385-e3c8-49cf-bb2a-e37a0279ba7e	blackberry liqueur	0	2023-07-01 17:45:31.084771	2023-07-01 17:45:31.084771
0a782043-d67a-44a5-aadd-03c95931cbd5	c9c2c18c-2d5a-4203-a9d9-1b320eca3299	chamomile Scotch (has recipe)	0	2022-01-10 05:07:18.403730	2022-01-10 05:26:00.000000
0ac91525-de8f-40a9-aea1-72ff857cdd95	15c2b6bd-2d40-41cf-aeae-827efbe7d1f7	kalamansi puree	0	2023-07-04 21:49:01.708343	2023-07-04 23:13:04.000000
0b50557f-bd9e-40fb-b863-dfecd3dbdb04	43858a50-8ce1-4e16-9b24-340e618d083c	port	0	2020-11-22 20:03:58.760512	2020-11-22 20:03:58.838685
0ba2af59-028e-443e-87fe-4cfc60e30d04	c9ce57da-655a-4c83-95a7-013b88913f07	brut Champagne	0	2021-03-02 06:23:03.965488	2023-07-04 23:21:33.000000
0bd2bf32-819c-4a8b-b9da-ddad3af13f75	597938bd-b6a8-4459-ac41-5634286284dc	verdelho madeira	0	2023-07-01 17:38:52.247200	2023-07-01 17:38:52.247000
0c09a1d7-6a63-4b49-b054-a7458145d644	ccc07136-1120-4d00-94d0-eada7ff70089	cane coffey still aged rum	0	2022-11-11 22:48:21.615207	2022-11-11 22:53:48.000000
0ca2125d-3973-4ab8-bf8b-c338e68fa6ee	7ef6bd3e-b284-4799-b705-c9f567e95256	arrack	0	2023-07-01 17:38:46.296280	2023-07-04 23:22:28.000000
0cc61804-2f8a-4804-ad96-7aa019d2556c	8adea4e2-ccb0-4080-8e01-0edeb7731e3c	spicy sugar and salt	0	2023-07-04 22:04:12.793430	2023-07-04 23:15:19.000000
0ce6c0f7-97e8-4706-b8c4-29b35448e0b8	3db25894-0a9a-4133-bded-f42285e4de11	raspberry	0	2021-03-02 06:23:20.071196	2023-07-04 23:22:31.000000
0d9300cf-2a14-4a23-845d-0db4c83961dc	a056a950-d5a1-4087-a29c-1c8f31d9e4f4	cola-style amaro	0	2023-07-01 17:35:22.707833	2023-07-04 23:23:03.000000
0dde72ed-a73e-4c27-b32b-51bc6242adcf	3975f6f1-c14b-4574-a95d-ec96d9ced9ab	Honey Liqueurs	1	2020-11-29 20:40:13.327413	2020-11-29 20:40:13.327413
0f001481-898b-43dc-b5aa-132bf0200faa	b127a572-9718-454f-8547-230038e73e6e	cocktail cherry	0	2022-01-06 21:22:46.748527	2022-01-06 22:36:18.000000
0f30468d-0801-4ac2-acbf-a268a61dbcc8	e806ff7c-7e10-4e66-833d-719639cb3cf9	granny smith apple juice	0	2023-07-04 20:11:01.606876	2023-07-04 23:19:26.000000
0f745834-62d9-46cf-8228-1db529483fab	b63a6d9c-b629-4701-a189-ffe111291fa3	red food coloring	0	2022-01-10 05:07:26.892162	2022-01-10 05:27:49.000000
0fa417ad-d982-4093-ad80-3d5018d1c6dc	d3290be5-e9f7-4945-a939-a03616460cc0	reposado tequila	0	2021-03-02 06:23:20.437941	2023-07-04 23:23:33.000000
0fcfad66-a013-4657-8b6b-d0fec241707e	46fd7d75-49d7-4169-9502-4ba07fde747e	mezcal	0	2021-03-02 06:23:16.644300	2023-07-04 23:23:32.000000
100a5b6f-5688-404e-a4fc-000aa937de8d	ab079f80-479e-4840-a8e9-07fa6b9ef192	rye whiskey	0	2020-11-22 20:03:58.760512	2023-07-04 23:23:18.000000
1046d339-6ebd-4c60-a20a-9a7d1ef974e2	c74168d9-4ba6-46d9-b78c-c737fe48f720	column still aged Guatemala rum	0	2023-07-04 21:54:07.825737	2023-07-04 23:22:56.000000
10685734-d6ed-41e4-8cd2-c8af104ea2e5	c9c2c18c-2d5a-4203-a9d9-1b320eca3299	gunpowder tea syrup (has recipe)	0	2022-01-10 05:07:21.889363	2022-01-10 05:27:33.000000
1070096c-e05e-40df-a137-d6566855b6dd	b63a6d9c-b629-4701-a189-ffe111291fa3	swizzle napkin wrap	0	2022-11-11 22:48:12.471103	2022-11-11 22:55:30.000000
10cee634-16d2-4c7f-b754-aa41351ce3b0	a2b16f0e-343d-4f70-b916-5a4546b7fcab	Infusions	1	2023-07-09 18:35:13.935021	2023-07-09 18:35:13.935021
10f55ec9-f376-4a8f-bc9f-3ee02e094f89	c9c2c18c-2d5a-4203-a9d9-1b320eca3299	Earl Grey gin (has recipe)	0	2022-01-10 05:07:04.674626	2022-01-10 05:27:51.000000
1110c2e0-a1d7-431f-bf2a-0da508a7bea2	ccc07136-1120-4d00-94d0-eada7ff70089	aged Demerara rum	0	2021-03-02 06:23:01.254218	2023-07-04 23:12:05.000000
113ae4bf-96d0-4abc-82ce-2a50a442d966	6d0695e2-ab3e-423d-b298-b2b64759635a	egg white	0	2020-11-22 20:03:58.760512	2023-07-04 23:20:41.000000
11893764-ed8c-4882-8107-2b4a62b0b93f	f917c9d2-8aeb-4641-8077-d43bd85f58b0	sweet cream	0	2022-11-11 22:48:12.676508	2022-11-11 22:55:18.000000
119387ab-f1f2-419c-91de-e03b37793270	4623cc55-257b-4d04-ba6a-6432248cdf90	almond extract	0	2022-11-11 22:48:19.555508	2022-11-11 22:55:57.000000
1280ea4a-92a0-4aad-971d-770cc3501eb0	b5eef26b-3dea-445d-bf1a-e86723e15b1b	cream sherry	0	2023-07-04 20:19:20.364768	2023-07-04 23:23:13.000000
12f1988a-3117-4776-9341-407f651e56c1	a2b16f0e-343d-4f70-b916-5a4546b7fcab	Meats	1	2022-01-09 20:03:28.265223	2022-01-09 20:03:28.265223
130127c4-a927-4733-88d2-05d33151db27	3975f6f1-c14b-4574-a95d-ec96d9ced9ab	Nut-Flavored Liqueurs	1	2020-11-29 20:40:22.588147	2020-11-29 20:40:22.588147
1344e17b-fd13-4768-8c6b-93fbb96296e2	dbd71109-ec57-4c55-86cd-bc0523f3c1b7	brandy	0	2020-11-22 20:03:58.760512	2022-11-11 22:56:18.000000
1349f99f-d7f6-4412-bd5c-b3035299edf9	75c241fc-5a60-47f0-b8c3-a8264020d2b2	Bartlett pear	0	2023-07-04 20:18:23.344641	2023-07-04 23:17:55.000000
140ff0dc-9201-43bb-a64b-d081e513ae08	27e3b964-414d-4f57-9729-5a9d82a1bf84	blanc vermouth	0	2021-03-02 06:23:03.064334	2023-07-04 23:22:23.000000
14377b19-7a50-4891-bbba-78d498488d30	4b72a73f-b428-4a0d-8302-54cc3d4f4d3f	prosecco	0	2020-11-22 20:03:58.760512	2022-01-06 22:36:26.000000
14628b22-0785-4099-9760-0c34a2adaff9	a2b16f0e-343d-4f70-b916-5a4546b7fcab	Herbs	1	2020-11-29 21:11:03.601892	2020-11-29 21:11:03.601892
14d6f18a-b61d-489a-9655-c96fc7e058d9	f1c8000f-6e5f-4afd-8677-aeb26ff9de3d	beer	0	2022-01-04 19:02:21.379076	2022-01-04 19:02:21.379076
14ea8c4e-d088-4812-882e-0360a1129d70	8d5256e4-c7fb-4036-be0a-04c9abc644da	orange curaçao	0	2020-11-22 20:03:58.760512	2022-01-06 22:35:49.000000
15a25ad7-8be0-4e2c-8b33-dd987210e3f2	a54fdf4e-4790-4e22-80b7-1e9152725bda	Greek yogurt	0	2023-07-04 21:51:51.916211	2023-07-04 23:20:48.000000
15c2b6bd-2d40-41cf-aeae-827efbe7d1f7	a2b16f0e-343d-4f70-b916-5a4546b7fcab	Purees	1	2023-07-04 21:48:49.987931	2023-07-04 21:48:49.987931
15f55ece-1e84-404f-81d3-d51c570908b5	4ee4c82f-28f9-46a4-bbc0-3843d07d875f	superfine sugar	0	2023-07-04 21:59:01.073932	2023-07-04 23:20:18.000000
17e6ec52-ef92-45f5-bea2-2431c2db60a2	04172f8a-6b70-4ec3-8dbb-90fe842833ad	light blended rum	0	2022-01-07 22:45:42.586542	2022-01-07 22:45:42.586542
189177d0-17cc-4d5e-91ce-ae909d1b86fa	c9c2c18c-2d5a-4203-a9d9-1b320eca3299	Dragon's Blood Tea (has recipe)	0	2022-01-10 05:07:04.298599	2022-01-10 05:27:35.000000
18ca7be7-90a1-436d-addb-2eb9052f48a7	c74168d9-4ba6-46d9-b78c-c737fe48f720	column still aged Puerto Rico rum	0	2023-07-04 21:54:26.665770	2023-07-04 23:12:29.000000
197b6130-1914-435b-98ed-be9e060c0054	1d6a0084-09ed-4b11-95b4-4890bbc7fe3e	grenadine	0	2020-11-22 20:03:58.760512	2023-07-04 23:21:41.000000
197dd9eb-8a17-49b7-9610-d8a13973dc09	c9c2c18c-2d5a-4203-a9d9-1b320eca3299	rhubarb shrub (has recipe)	0	2022-01-10 05:07:26.692922	2022-01-10 05:25:37.000000
19b9e33e-e6b0-4361-b711-e6130b73ed9a	1d6a0084-09ed-4b11-95b4-4890bbc7fe3e	spiced sugar syrup	0	2022-11-11 22:48:13.059781	2022-11-11 22:54:47.000000
19c6be4b-335e-4675-a232-d852d8f8f37d	04172f8a-6b70-4ec3-8dbb-90fe842833ad	light Demerara rum	0	2022-01-17 21:51:48.646391	2022-01-17 21:51:48.646391
1a18f316-d74e-42ec-8a12-b790db234e5b	1d6a0084-09ed-4b11-95b4-4890bbc7fe3e	fassionola	0	2021-03-02 06:23:08.691646	2021-03-02 06:23:08.691646
1ae0d554-067a-4680-bf1c-424f9d9fed9a	c9c2c18c-2d5a-4203-a9d9-1b320eca3299	Green Chartreuse ice cream (has recipe)	0	2022-01-10 05:07:06.183688	2022-01-10 05:28:08.000000
1b0a165e-0b09-426e-ba7c-57e09ec81e5a	c9c2c18c-2d5a-4203-a9d9-1b320eca3299	Cinnamon French Oak (has recipe)	0	2022-01-10 05:07:01.974920	2022-01-10 05:27:34.000000
1b92f636-9581-4c7d-ad74-c598b8276dd2	8adea4e2-ccb0-4080-8e01-0edeb7731e3c	anise seed	0	2023-07-09 18:36:48.205193	2023-07-09 18:36:48.205193
1bc4a1fb-0ade-4688-abe7-8a54f26773af	8adea4e2-ccb0-4080-8e01-0edeb7731e3c	cinnamon sugar	0	2023-07-04 22:01:03.901645	2023-07-04 23:14:13.000000
1c931b24-32bb-43ee-b747-ce19d2be7bba	a54fdf4e-4790-4e22-80b7-1e9152725bda	2% milk	0	2022-01-10 05:06:58.287802	2022-01-10 05:28:07.000000
1c99186f-47bf-4e6a-9ab3-c7427ad2a25c	b5eef26b-3dea-445d-bf1a-e86723e15b1b	amontillado sherry	0	2021-03-02 06:22:49.217194	2023-07-04 23:23:07.000000
1ca85b22-b6f4-4d79-bfc8-494f34c180cc	bbfe3af3-0fd9-4284-9c5f-254e6baa8633	cold espresso	0	2021-03-02 06:23:05.779665	2021-03-02 06:23:05.779665
1cb4019e-2f8f-4908-ad1d-6ce704c56ee6	6085887c-8ccc-4267-b565-014ffae54655	absinthe	0	2020-11-22 20:03:58.760512	2023-07-04 23:22:40.000000
1cf8eca2-7118-44b0-9e3b-5c2a911477aa	a54fdf4e-4790-4e22-80b7-1e9152725bda	half and half	0	2021-03-02 06:23:12.858636	2021-03-02 06:23:12.858636
1d4bcdc8-ccfc-43aa-8417-ce35966ed73d	3a29c9b8-7ac2-491a-8857-6e53ab16e6ef	smoked salt	0	2023-07-04 21:47:41.154172	2023-07-04 23:15:00.000000
1d6a0084-09ed-4b11-95b4-4890bbc7fe3e	a2b16f0e-343d-4f70-b916-5a4546b7fcab	Syrups	1	2020-11-29 21:03:38.764413	2020-11-29 21:03:38.764413
1d7b0302-8422-4576-95e3-8b07241f138c	c9c2c18c-2d5a-4203-a9d9-1b320eca3299	Fernet Cookies (has recipe)	0	2022-01-10 05:07:04.874429	2022-01-10 05:28:07.000000
1dfa6297-8c80-459b-9845-d2c3ed135de1	1d6a0084-09ed-4b11-95b4-4890bbc7fe3e	thyme-Picpoul syrup (has recipe)	0	2022-01-10 05:07:28.797355	2022-01-10 05:27:29.000000
1e0474e1-f9ce-40d8-bb63-2e8eb32e6f37	09cfd702-7103-405f-b9e0-303ef0209df4	mole bitters	0	2023-07-01 17:38:51.548196	2023-07-01 17:38:51.548196
1e1ac8c6-83b2-4606-af61-6cdad225431e	27afc7ab-ca8a-4dd9-809a-ef819a04c1d1	horseradish	0	2021-03-02 06:23:13.400944	2021-03-02 06:23:13.400944
1f916757-9b4f-44e7-a7c3-93153a870895	1fb39412-f3a8-4b6e-b135-abd190e610b0	dehydrated grapefruit wheel	0	2022-01-10 05:07:19.759285	2022-01-10 05:26:21.000000
1fb39412-f3a8-4b6e-b135-abd190e610b0	fb75c4a4-ed9d-4123-b7cf-60ddf7276e00	grapefruit	0	2022-01-09 19:56:25.472207	2023-07-04 23:23:21.000000
200a6ed5-97a9-4b12-af29-fe224ced3f3e	04172f8a-6b70-4ec3-8dbb-90fe842833ad	Jamaican overproof light rum	0	2022-01-06 21:22:44.289788	2023-07-04 23:22:05.000000
20655061-73b1-4a15-8f91-03c1a8d6ae66	b695eba8-735f-4c41-b4aa-10f33a582544	Islay single malt Scotch whisky	0	2021-03-02 06:22:54.856258	2023-07-04 23:23:31.000000
20812599-7c78-43ce-b08b-4df7f7688d1c	b11c7b99-278a-4df7-94a0-625b46385c7a	passion fruit honey	0	2022-11-11 22:48:11.653847	2022-11-11 22:56:15.000000
20b62e23-1524-4114-b2a0-73be23800125	fb75c4a4-ed9d-4123-b7cf-60ddf7276e00	blood orange	0	2022-01-10 05:07:16.665869	2022-01-10 05:27:28.000000
20baa2e7-fef1-484a-b0b5-f759dcb1e0eb	b695eba8-735f-4c41-b4aa-10f33a582544	Highlands single malt Scotch whisky	0	2021-03-02 06:22:54.313411	2023-07-04 23:23:07.000000
214b16a6-318e-40e5-a6e3-ca1840968f75	8bd49133-89a6-49bf-98e1-4ebd7e106f98	Fever-Tree tonic water	0	2022-01-10 05:07:05.052759	2022-01-10 05:27:30.000000
2175d677-1f73-4662-a5b9-d1218b713845	c27656c3-5d21-487d-b797-6a44e975cdaa	cold unsweetened black tea	0	2021-03-02 06:23:05.960646	2021-03-02 06:23:05.960646
21c97e01-4726-437b-8e59-1789be081da8	a54fdf4e-4790-4e22-80b7-1e9152725bda	sweetened condensed milk	0	2021-03-02 06:23:22.082028	2022-11-11 22:55:21.000000
21e8d80b-4580-41f4-b7c6-d50f496f581c	43e6debb-587d-4178-8930-05ecf4d867de	ginger soda	0	2021-03-02 06:23:10.324762	2021-03-02 06:23:10.324762
22a2aef7-df49-43c0-aad3-037957794850	ed40f693-21de-4d3c-9769-d9e6e486e52a	Amer Boudreau (has recipe)	0	2022-01-10 05:06:57.880753	2022-01-10 05:27:06.000000
23557a35-8a81-483e-949d-6f8fbe31f62a	a54fdf4e-4790-4e22-80b7-1e9152725bda	coconut cream	0	2022-01-06 22:19:04.037766	2023-07-04 23:16:36.000000
239a8eda-05b8-470a-9bf7-031c18b32206	bed29ca6-d6c6-4cc1-ab69-a4186309d926	dry white wine	0	2022-01-06 21:22:47.861504	2022-01-06 22:35:47.000000
245e8f12-3dff-45a6-9819-e6115f58ef2c	6754fcbc-d906-46c0-a21f-36f26dcfb4b9	dark lager	0	2023-07-04 21:51:40.575341	2023-07-04 23:18:37.000000
257d5b41-c3dc-4178-821d-5196a80f0dfb	1344e17b-fd13-4768-8c6b-93fbb96296e2	cognac	0	2020-11-22 20:03:58.760512	2023-07-04 23:23:18.000000
25af02ae-6389-4e84-9405-bca85f667ac5	c9c2c18c-2d5a-4203-a9d9-1b320eca3299	truffle cognac (has recipe)	0	2022-01-10 05:07:29.196949	2022-01-10 05:26:46.000000
26b90f16-e755-4d0a-8141-2194be456d87	77869385-e3c8-49cf-bb2a-e37a0279ba7e	grapefruit liqueur	0	2023-07-04 20:17:48.463986	2023-07-04 23:22:23.000000
26e9e314-04e5-4385-8b3d-2401927998b1	a54fdf4e-4790-4e22-80b7-1e9152725bda	whole milk	0	2021-03-02 06:23:24.253116	2022-11-11 22:55:28.000000
27afc7ab-ca8a-4dd9-809a-ef819a04c1d1	a2b16f0e-343d-4f70-b916-5a4546b7fcab	Sauces	1	2020-11-29 21:13:33.162756	2020-11-29 21:13:33.162756
27e3b964-414d-4f57-9729-5a9d82a1bf84	43858a50-8ce1-4e16-9b24-340e618d083c	Vermouth	1	2020-11-29 20:48:08.031596	2020-11-29 20:48:08.031596
2810d65b-5b96-4436-80b3-6ee94b5e8f2a	60196d9f-5755-4138-81e9-585c9955129b	vanilla liqueur	1	2022-01-16 22:00:28.815001	2022-01-16 22:00:28.815001
286cff09-7c04-4e4b-b142-596460b80342	ab079f80-479e-4840-a8e9-07fa6b9ef192	Japanese whiskey	0	2023-07-04 22:00:29.446139	2023-07-04 23:23:25.000000
28bdda53-8bd3-419f-81fa-067027225e30	d5b4bd25-2faa-4e4b-846a-ac2bec6d0854	lime bitters	0	2022-01-10 05:07:23.096852	2022-01-10 05:27:29.000000
28dd6aed-220c-4d42-b07a-b817e56a95aa	290e485d-4603-40b8-9646-54a69ed48a83	cocktail onion	0	2022-01-09 20:08:22.735433	2022-01-09 20:08:22.735433
28e056db-5069-4f5f-810b-e52bf2f7f84f	a54fdf4e-4790-4e22-80b7-1e9152725bda	heavy cream	0	2021-03-02 06:23:13.038877	2023-07-04 23:20:51.000000
290e485d-4603-40b8-9646-54a69ed48a83	a2b16f0e-343d-4f70-b916-5a4546b7fcab	Vegetables	1	2022-01-09 20:03:21.319857	2022-01-09 20:03:21.319857
294a5c28-b09c-4605-8c44-a334d0217478	c9c2c18c-2d5a-4203-a9d9-1b320eca3299	Donn's Spices #2	0	2023-07-04 20:19:04.393089	2023-07-04 23:19:51.000000
2bd8bc98-1b37-4b0b-93b8-e31a577f6691	75c241fc-5a60-47f0-b8c3-a8264020d2b2	Anjou pear	0	2023-07-04 20:18:09.225529	2023-07-04 23:19:04.000000
2c057d43-d9cd-4c79-af69-9a516525e08a	ccc07136-1120-4d00-94d0-eada7ff70089	blended aged Guyana rum	0	2022-11-11 22:48:20.311488	2023-07-04 23:23:34.000000
2c0dd80a-769b-4ea9-bab0-631a2c664480	00b9dfb1-2496-443a-a65b-4a6ca5af7789	apple	0	2023-07-04 21:52:39.488878	2023-07-04 23:20:49.000000
2c72c713-296e-492c-8421-94e2164ae639	c297b99c-bba6-4123-9419-833167bbb7de	strawberry-balsamic gastrique	0	2023-07-04 22:08:27.947733	2023-07-04 23:14:06.000000
2da8351d-a5d9-453e-a2df-b2ea5f5979ee	1d6a0084-09ed-4b11-95b4-4890bbc7fe3e	li hing mui syrup	0	2022-11-11 22:36:30.702911	2022-11-11 22:55:36.000000
2dee2c85-3e30-4be6-a49b-5be42a3ba83c	130127c4-a927-4733-88d2-05d33151db27	hazelnut liqueur	0	2022-01-16 21:51:03.855361	2022-01-16 21:51:03.855361
2e07e7c5-b670-429d-95ca-af3690b46b59	239a8eda-05b8-470a-9bf7-031c18b32206	Chardonnay	0	2022-01-10 05:07:01.569673	2023-07-04 23:13:55.000000
2e5941ce-a46a-4edd-86bf-25988739bf3b	f7b26e11-e2c0-4108-abba-5db9bdb8fb55	Irish cream liqueur	0	2021-03-02 06:22:54.674276	2021-03-02 06:22:54.674276
2f5bc089-3f1a-4944-8915-a06d13001e80	9ca4cb19-dfe4-4d52-99d1-6ec62a99d6ae	black currant cordial	0	2023-07-04 21:58:25.597361	2023-07-04 23:12:48.000000
3044b95c-a756-4c44-b1ce-3fb244d72056	d9b9df18-11b6-4390-8b1b-4aaaf14a4dca	horchata	0	2023-07-04 22:16:24.256213	2023-07-04 23:15:31.000000
30c2082a-9477-426c-ac1c-a5afd762963a	a056a950-d5a1-4087-a29c-1c8f31d9e4f4	aperitivo amaro	0	2023-07-01 17:20:01.201152	2023-07-01 17:20:01.000000
30f24ba2-c4d7-40e4-ba56-bc511830de1b	b2175647-412e-4d75-893b-a77e376c3882	column still lightly aged Nicaragua rum	0	2023-07-04 21:55:09.675098	2023-07-04 23:22:52.000000
31469cd6-bcfb-4a10-b1cc-26f241458ab4	c9c2c18c-2d5a-4203-a9d9-1b320eca3299	Bloody Mary Mix	0	2021-03-02 06:22:47.001704	2021-12-26 07:11:07.000000
3290e7e9-a95b-4fa5-b1e5-b2e928b8371f	f186d5f9-cc75-47de-a08d-5996565b62dc	apple brandy	0	2021-03-02 06:23:02.162424	2023-07-04 23:16:34.000000
32cf9978-deea-4fb2-81a8-ada1fce31a9e	77869385-e3c8-49cf-bb2a-e37a0279ba7e	apricot liqueur	0	2022-01-10 05:07:16.089665	2023-07-04 23:20:12.000000
331c3f73-5da1-45e8-940b-dfb8faa7d89a	2c0dd80a-769b-4ea9-bab0-631a2c664480	granny smith apple	0	2023-07-04 22:36:25.275164	2023-07-04 23:18:31.000000
338f3640-8f91-4416-8bde-2167c45ca7a3	60196d9f-5755-4138-81e9-585c9955129b	chile liqueur	0	2022-01-04 19:18:15.595532	2022-01-04 19:18:15.595532
3466a32f-5eba-4664-b2ff-b27279931d1c	7ef6bd3e-b284-4799-b705-c9f567e95256	rum	0	2020-11-22 20:03:58.760512	2022-11-11 22:55:07.000000
34f57119-2fcf-40c1-bc7e-a6f128d6250c	d5b4bd25-2faa-4e4b-846a-ac2bec6d0854	chocolate bitters	0	2022-01-10 05:07:18.799492	2023-07-04 23:23:29.000000
352f3b10-cd59-4ba3-b21c-5cf4ba94ffe0	14628b22-0785-4099-9760-0c34a2adaff9	curry leaf	0	2023-07-04 21:49:50.276887	2023-07-04 23:22:32.000000
354b4a5c-4df5-4ba3-af51-9768720c1a84	b70066b2-7dd9-45cb-98bc-e414a1030f96	Green Chartreuse	0	2021-02-02 16:28:00.330741	2023-07-04 23:18:57.000000
3596807a-cdef-4ee8-94b0-ac22a85c0977	6085887c-8ccc-4267-b565-014ffae54655	pastis	0	2023-07-01 17:45:45.591709	2023-07-01 17:45:45.591709
35a82c21-3194-46f2-a166-0cdbf5854629	1d6a0084-09ed-4b11-95b4-4890bbc7fe3e	raspberry syrup	0	2020-11-22 20:03:58.760512	2022-01-06 22:35:09.000000
35d85aee-c1c1-438d-b4fb-67fdbf8e36ef	290e485d-4603-40b8-9646-54a69ed48a83	pickled asparagus 	0	2022-01-10 05:07:25.723104	2022-01-10 05:27:58.000000
35fb35cb-fe22-47b8-84ec-e2964dff8964	1d6a0084-09ed-4b11-95b4-4890bbc7fe3e	lingonberry syrup	0	2022-01-10 05:07:23.453789	2022-01-10 05:26:16.000000
3637a6a2-a0d3-461f-bf0d-d28e07c49e0d	ccc07136-1120-4d00-94d0-eada7ff70089	aged rhum agricole	0	2021-03-02 06:23:01.798465	2021-03-02 06:23:01.798465
3736ddfe-db42-4f31-b94b-b7e66b950ff2	60c9061a-871d-4b3c-925d-bf6b8b34ddde	Alcoholic Ingredients	1	2020-11-28 20:21:54.266488	2020-11-28 20:21:54.266488
37ccc0af-35b3-42e8-a0fd-563ef7d534c1	d3290be5-e9f7-4945-a939-a03616460cc0	añejo tequila	0	2021-03-02 06:23:02.703899	2023-07-04 23:21:06.000000
3852f9c7-f304-4d1e-bd91-d11e433ce80e	3e76b4f5-4c46-4a72-85e4-f607b3fe3204	lemon curd	0	2023-07-04 22:04:59.198708	2023-07-04 23:20:48.000000
38bbfdd7-fac4-48f7-aec0-1222789fb7e6	14628b22-0785-4099-9760-0c34a2adaff9	Thai basil leaf	0	2023-07-04 21:59:26.132476	2023-07-04 23:14:15.000000
39006563-374a-4552-81dc-5681f36910b9	ccc07136-1120-4d00-94d0-eada7ff70089	black pot still rum	0	2022-11-11 22:48:19.932258	2022-11-11 22:55:20.000000
393281f6-de19-44a5-82b2-93afcf91373f	dd6cc30e-f651-4aff-a01a-0a3f525e0694	aged blended overproof rum	0	2022-01-17 21:56:01.031185	2022-11-11 22:56:21.000000
3975f6f1-c14b-4574-a95d-ec96d9ced9ab	3736ddfe-db42-4f31-b94b-b7e66b950ff2	Liqueurs	1	2020-11-29 06:04:53.560636	2020-11-29 06:04:53.560636
39772c5c-54c1-4786-8e62-90a38b28bc82	455c0a48-478a-43ea-8d51-0d934b4db737	crème de fraise	0	2023-07-01 17:39:37.422872	2023-07-04 23:12:42.000000
39dd1f3b-b04c-4333-a556-3d4002161104	90e4e839-6619-42a6-82cc-ee6d9dd2766c	orange flower water	0	2020-11-22 20:03:58.760512	2023-07-04 23:12:01.000000
3a100dba-bb44-4bc5-87ec-12b08b6f98cd	3975f6f1-c14b-4574-a95d-ec96d9ced9ab	coffee liqueur	0	2020-11-22 20:03:58.760512	2023-07-04 23:17:12.000000
3a29c9b8-7ac2-491a-8857-6e53ab16e6ef	8adea4e2-ccb0-4080-8e01-0edeb7731e3c	salt	0	2022-01-06 21:22:43.704086	2022-01-10 05:25:31.000000
3a7383d6-8305-4d25-8b93-906cd3471019	b5eef26b-3dea-445d-bf1a-e86723e15b1b	manzanilla sherry	0	2021-03-02 06:23:16.285483	2023-07-04 23:20:16.000000
3ab2ce19-65ba-44b4-af65-1c1965f2d35a	1d6a0084-09ed-4b11-95b4-4890bbc7fe3e	Martinique Sugarcane Syrup	0	2022-11-11 22:36:31.306617	2022-11-11 22:55:25.000000
3c95b982-6125-4163-97b6-67066ad7c0e0	d5b4bd25-2faa-4e4b-846a-ac2bec6d0854	apple bitters	0	2023-07-04 20:11:44.982710	2023-07-04 23:15:55.000000
3cffb550-7089-4cf5-95f4-6805ec737f2b	97d1aa7c-e3ec-4a81-b6ed-806c76d0563c	Angostura bitters	0	2020-11-22 20:03:58.760512	2023-07-04 23:15:42.000000
3d2f54e2-4ec1-4e3a-9c6f-83bb001f5847	efc98a40-c0af-4457-b4c0-8368614e63c4	avocado	0	2021-03-02 06:23:02.523775	2021-03-02 06:23:02.523775
3d687c84-1a19-45cd-9cf3-02da65ef6c6c	c9c2c18c-2d5a-4203-a9d9-1b320eca3299	Donn Mix (has recipe)	0	2022-01-10 05:07:04.097361	2022-01-10 05:27:22.000000
3d7da4f3-4540-482e-a9a1-f434e3873227	bbfe3af3-0fd9-4284-9c5f-254e6baa8633	espresso	0	2021-03-02 06:23:08.148138	2022-01-10 05:26:24.000000
3d8145b3-b9ba-4454-99c8-36f5751e9daf	d9b9df18-11b6-4390-8b1b-4aaaf14a4dca	lemonade	0	2023-07-01 17:39:27.685128	2023-07-01 17:39:27.685128
3da56985-475f-4c9b-8bd5-dc303a1ede70	bbfe3af3-0fd9-4284-9c5f-254e6baa8633	hot coffee	0	2020-11-22 20:03:58.760512	2022-01-06 22:35:46.000000
3db25894-0a9a-4133-bded-f42285e4de11	efc98a40-c0af-4457-b4c0-8368614e63c4	Berry	1	2022-01-09 19:57:13.632570	2022-01-10 05:26:49.000000
3e292c70-880d-4128-acf7-8edb07041a5c	d5b4bd25-2faa-4e4b-846a-ac2bec6d0854	celery bitters	0	2021-03-02 06:23:04.324365	2023-07-04 23:21:41.000000
3e2b2ad8-e16c-4e55-bcd2-5e89b3288dd5	b5eef26b-3dea-445d-bf1a-e86723e15b1b	fino sherry	0	2022-01-07 22:39:09.303592	2022-01-07 22:39:09.303592
3e3bd2c1-3554-4419-a66a-fcef059af75a	fb75c4a4-ed9d-4123-b7cf-60ddf7276e00	lime	0	2021-03-02 06:23:15.027525	2023-07-04 23:22:53.000000
3e76b4f5-4c46-4a72-85e4-f607b3fe3204	fb75c4a4-ed9d-4123-b7cf-60ddf7276e00	lemon	0	2022-01-08 20:37:58.503362	2023-07-04 23:23:27.000000
3e842d79-3b61-48b5-8a4e-5c65ffda194c	43e6debb-587d-4178-8930-05ecf4d867de	lime soda	0	2022-01-10 05:07:23.274934	2022-01-10 05:28:08.000000
3f470b86-81e0-4bb9-8072-b6ae2b5ec7d5	47e7d05a-1b40-443b-b885-64feae68e6b6	white sugar cube	0	2023-07-04 20:14:07.948912	2023-07-04 23:20:23.000000
3f53c1a4-3885-4eee-b544-2077969704ea	1d6a0084-09ed-4b11-95b4-4890bbc7fe3e	vanilla syrup	0	2021-03-02 06:23:23.161882	2023-07-04 23:23:04.000000
3fb91131-9a17-4383-8dcc-6f30d5f2cd2b	b63a6d9c-b629-4701-a189-ffe111291fa3	rock candy demitasse stick	0	2022-01-09 20:10:08.534452	2022-01-09 20:10:08.534452
40168c87-e098-4ce4-af02-a1edaeee7f35	c74168d9-4ba6-46d9-b78c-c737fe48f720	column still aged Dominican rum	0	2023-07-04 21:53:58.130352	2023-07-04 23:22:46.000000
40b2e1de-fb69-4467-b7af-7ef57d36e1be	1c99186f-47bf-4e6a-9ab3-c7427ad2a25c	dry Amontillado sherry	0	2022-01-10 05:07:20.353925	2022-01-10 05:26:54.000000
41660bda-01a3-4811-ba88-93a856fcf4b6	c9c2c18c-2d5a-4203-a9d9-1b320eca3299	ascorbic acid solution (has recipe)	0	2022-01-10 05:07:16.290977	2022-01-10 05:27:46.000000
41bd7003-8129-43c5-a5f7-593904899737	ccc07136-1120-4d00-94d0-eada7ff70089	aged Venezuela rum	0	2022-01-17 21:55:01.867041	2023-07-04 23:23:29.000000
42993c3c-c275-49cc-8c89-c19ae6e2c1e6	1d6a0084-09ed-4b11-95b4-4890bbc7fe3e	mai tai rich simple syrup	0	2022-11-11 22:36:31.104878	2022-11-11 22:56:00.000000
42c56be8-d7d2-48b7-825f-0af28f735eb8	9c9be338-05e3-4c36-8ad8-2cb629aa63d3	pear brandy	0	2023-07-04 21:46:05.771785	2023-07-04 23:21:55.000000
42d31f32-7ffb-44ea-89b4-06298c749ca4	14d6f18a-b61d-489a-9655-c96fc7e058d9	India pale ale	0	2021-03-02 06:22:54.493610	2023-07-04 23:13:09.000000
43858a50-8ce1-4e16-9b24-340e618d083c	4f49181b-a4e7-4999-896b-ba1f7f5be546	Fortified Wine	1	2020-11-29 20:48:04.143513	2020-11-29 20:48:04.143513
43e6debb-587d-4178-8930-05ecf4d867de	a2b16f0e-343d-4f70-b916-5a4546b7fcab	Sodas	1	2020-11-29 21:10:43.214121	2020-11-29 21:10:43.214121
4547406c-b2bf-4813-bf4f-d9194596227d	1d6a0084-09ed-4b11-95b4-4890bbc7fe3e	cane sugar syrup	0	2023-07-04 20:16:24.416754	2023-07-04 23:23:29.000000
455c0a48-478a-43ea-8d51-0d934b4db737	3975f6f1-c14b-4574-a95d-ec96d9ced9ab	Crème Liqueurs	1	2020-11-29 20:32:40.241711	2020-11-29 20:32:40.241711
4623cc55-257b-4d04-ba6a-6432248cdf90	a2b16f0e-343d-4f70-b916-5a4546b7fcab	Extracts	1	2020-11-29 21:17:48.052687	2020-11-29 21:17:48.052687
46351541-bad8-4e3b-b9c0-cb97e3e54491	455c0a48-478a-43ea-8d51-0d934b4db737	berry-violet crème liqueur	0	2023-07-01 17:39:14.899524	2023-07-04 23:20:58.000000
4636f8b2-b3c4-4fbd-83c5-8665816bab7c	d9b9df18-11b6-4390-8b1b-4aaaf14a4dca	lime cordial	0	2021-03-02 06:23:15.207137	2023-07-04 23:22:28.000000
463c2b68-5821-49c4-9678-ddd299b40ffd	ab079f80-479e-4840-a8e9-07fa6b9ef192	bourbon whiskey	0	2020-11-22 20:03:58.760512	2023-07-04 23:23:30.000000
463fc2bc-476c-4077-8ddc-2ff08591f80c	1d6a0084-09ed-4b11-95b4-4890bbc7fe3e	scarlet glow syrup	0	2023-07-04 20:16:45.587445	2023-07-04 23:12:46.000000
4656af2e-178d-4096-ba8b-250187b49433	dd6cc30e-f651-4aff-a01a-0a3f525e0694	blended aged Trinidadian rum	0	2023-07-04 21:56:46.592485	2023-07-04 23:23:34.000000
46fd7d75-49d7-4169-9502-4ba07fde747e	6fa0d3a9-c4e0-4434-92c0-176434a12d70	Agave Distillations	1	2020-11-29 06:05:45.757466	2020-11-29 06:05:45.757466
47ad68ad-48a8-4e5c-a41f-e8f2e0887965	e28cc990-f1db-469e-9cf7-abe133b55eba	pear cider	0	2023-07-04 21:45:41.380376	2023-07-04 23:18:33.000000
47e7d05a-1b40-443b-b885-64feae68e6b6	4ee4c82f-28f9-46a4-bbc0-3843d07d875f	sugar cube	0	2020-11-22 20:03:58.760512	2022-01-06 22:35:37.000000
490d2c97-4517-4881-bce5-8a9bf1aba9e1	01d69ac2-3dd6-4c40-983b-e994462c98a9	pineapple spear	0	2022-01-06 21:22:51.797191	2022-01-06 22:35:50.000000
4a3d48e4-0aaa-4988-ae66-039ce5a35902	09cfd702-7103-405f-b9e0-303ef0209df4	tiki bitters	0	2023-07-01 17:38:48.859512	2023-07-04 23:23:13.000000
4a56587a-e582-4aad-a3b4-277e6a8fcbae	455c0a48-478a-43ea-8d51-0d934b4db737	crème de poire	0	2021-03-02 06:23:07.243323	2021-03-02 06:23:07.243323
4af1c9cc-ed20-4ebc-bde0-3691b6ddd503	b70066b2-7dd9-45cb-98bc-e414a1030f96	alpine liqueur	0	2023-07-01 17:46:22.905768	2023-07-04 23:21:52.000000
4b075d91-9ff8-4e76-9c0f-b83559917888	01d69ac2-3dd6-4c40-983b-e994462c98a9	pineapple lid	0	2022-11-11 22:48:14.559511	2022-11-11 22:55:57.000000
4b472dd4-bc64-46b6-a517-c910a7eee760	77869385-e3c8-49cf-bb2a-e37a0279ba7e	pear liqueur	0	2022-01-10 05:07:24.974314	2023-07-04 23:22:13.000000
4b72a73f-b428-4a0d-8302-54cc3d4f4d3f	4f49181b-a4e7-4999-896b-ba1f7f5be546	sparkling wine	0	2020-11-29 20:48:45.528207	2022-11-11 22:54:42.000000
4b7b5b00-3d1d-47d3-ade4-70cc12ed14cb	43e6debb-587d-4178-8930-05ecf4d867de	lemon soda	0	2021-03-02 06:23:14.121598	2021-03-02 06:23:14.121598
4ba47b09-5a04-4a62-a198-b261d65a33d8	c9c2c18c-2d5a-4203-a9d9-1b320eca3299	Mexican Spice Mix	0	2021-03-02 06:22:47.556651	2021-12-26 07:11:09.000000
4c0735b4-ac9c-45e6-8b26-1a89c12b53f3	7ef6bd3e-b284-4799-b705-c9f567e95256	Cuban aguardiente	0	2022-01-06 21:22:44.064910	2022-01-06 22:36:10.000000
4c6ae965-39f5-44f2-8640-edecaebad74b	6fa0d3a9-c4e0-4434-92c0-176434a12d70	vodka	0	2020-11-22 20:03:58.760512	2023-07-04 23:12:23.000000
4d3fc1fc-f905-4028-8399-66804a31d192	60196d9f-5755-4138-81e9-585c9955129b	allspice liqueur	0	2022-01-10 05:07:15.323131	2023-07-04 23:22:59.000000
4e1e9990-549d-4c88-a757-1c8a84fce084	00b9dfb1-2496-443a-a65b-4a6ca5af7789	peach	0	2021-03-02 06:23:09.425307	2023-07-04 23:17:54.000000
4e241b1c-5e3a-4254-a6ff-edc19b9751ca	77869385-e3c8-49cf-bb2a-e37a0279ba7e	raspberry liqueur	0	2022-01-06 21:22:51.971877	2023-07-04 23:15:56.000000
4e47c83e-f497-42ca-86dd-f8d79a268185	0352d0bf-59ca-465e-8960-b24163428226	lemon-infused gin	0	2023-07-01 17:45:39.877905	2023-07-01 17:45:39.877905
4ee29fb2-478a-41e3-be3a-f145a947ba56	587e2d1c-e033-46e8-ba82-e1494e0671af	London Dry gin	0	2021-03-02 06:22:55.575343	2023-07-04 23:22:14.000000
4ee4c82f-28f9-46a4-bbc0-3843d07d875f	a2b16f0e-343d-4f70-b916-5a4546b7fcab	sugar	0	2020-11-22 20:03:58.760512	2022-01-10 05:26:34.000000
4f49181b-a4e7-4999-896b-ba1f7f5be546	f1c8000f-6e5f-4afd-8677-aeb26ff9de3d	wine	0	2020-11-29 20:47:54.882261	2020-11-29 20:47:54.882261
4f80079e-44d4-4385-9253-bd78dfcb926f	85ff413d-1552-4f08-8329-e96c0bf08def	green crème de menthe	0	2022-01-06 21:22:48.603122	2022-01-06 22:35:43.000000
4f9b7258-667c-4944-b789-9b4692d4e745	fb75c4a4-ed9d-4123-b7cf-60ddf7276e00	tangerine	0	2023-07-04 21:59:35.101501	2023-07-04 23:16:15.000000
512a59b8-00cb-4911-b7e9-0643bdb977e3	9ca4cb19-dfe4-4d52-99d1-6ec62a99d6ae	kumquat cordial	0	2023-07-04 21:58:34.916950	2023-07-04 23:15:18.000000
534c34e0-ddbe-4420-a31f-67b0fdf32cb7	3290e7e9-a95b-4fa5-b1e5-b2e928b8371f	American straight apple brandy	0	2021-03-02 06:23:21.534206	2023-07-04 23:23:30.000000
5379eb5d-a8eb-4437-83a6-36266f65ebbb	b70066b2-7dd9-45cb-98bc-e414a1030f96	ginger liqueur	0	2022-11-11 22:48:16.221640	2022-11-11 22:55:56.000000
53da5216-85eb-48ca-83b6-5c59ebb4753d	d9b9df18-11b6-4390-8b1b-4aaaf14a4dca	watermelon juice	0	2023-07-04 20:07:14.665528	2023-07-04 23:21:39.000000
53ff6824-ab7e-4ca8-9105-ceefdb6b8e0f	100a5b6f-5688-404e-a4fc-000aa937de8d	bonded rye whiskey	0	2021-03-02 06:23:03.783492	2022-01-10 05:26:12.000000
5403e3a0-1601-4d37-922d-c9d1cb08374e	d5b4bd25-2faa-4e4b-846a-ac2bec6d0854	chocolate-chile bitters	0	2021-03-02 06:23:04.683530	2021-03-02 06:23:04.683530
55c7c224-9f21-438d-bc6d-e64cf421b96f	8adea4e2-ccb0-4080-8e01-0edeb7731e3c	toasted fennel salt	0	2023-07-04 21:59:15.024432	2023-07-04 23:12:45.000000
55ca3629-1c79-4f6d-9a27-bd34d0201447	1d6a0084-09ed-4b11-95b4-4890bbc7fe3e	honey syrup	0	2021-03-02 06:23:13.219682	2022-11-11 22:56:21.000000
55cde4e7-a0f9-4989-809a-a36e5fe74805	3466a32f-5eba-4664-b2ff-b27279931d1c	rhum agricole	0	2023-07-04 22:14:20.330149	2023-07-04 22:14:20.330149
56488bfd-b815-429b-b76c-d849bfb3dbcf	c9c2c18c-2d5a-4203-a9d9-1b320eca3299	Ticaloid 210S	0	2021-03-02 06:22:47.743242	2021-12-26 07:11:09.000000
5724b9b4-e572-42e9-9967-5589234b4a8e	1d6a0084-09ed-4b11-95b4-4890bbc7fe3e	tonka bean syrup (has recipe)	0	2022-01-10 05:07:28.996362	2022-01-10 05:26:46.000000
5784b6bd-ad5f-4fdf-8af4-7f1410fb69a6	4ee4c82f-28f9-46a4-bbc0-3843d07d875f	superfine cane sugar	0	2021-03-02 06:23:21.717701	2021-03-02 06:23:21.717701
587e2d1c-e033-46e8-ba82-e1494e0671af	ffb6993b-0b78-441f-9996-1d0a5fbc45f6	gin	0	2020-11-22 20:03:58.760512	2023-07-04 23:22:02.000000
58af66b9-056f-4132-9ccb-9df965abec6c	efc98a40-c0af-4457-b4c0-8368614e63c4	watermelon 	0	2022-01-10 05:07:29.394189	2022-01-10 05:27:48.000000
58ec60c7-efe6-4d30-b7f2-096432b8bf47	455c0a48-478a-43ea-8d51-0d934b4db737	crème de cassis	0	2020-11-22 20:03:58.760512	2023-07-04 23:17:57.000000
597938bd-b6a8-4459-ac41-5634286284dc	43858a50-8ce1-4e16-9b24-340e618d083c	madeira	0	2023-07-01 17:38:52.658127	2023-07-04 23:23:04.000000
59ce0576-6c49-4c21-9534-8a3c28da2738	587e2d1c-e033-46e8-ba82-e1494e0671af	dry gin	0	2022-01-06 21:22:47.688591	2022-01-06 22:36:08.000000
59e2888d-361d-4374-848f-bd60a4118d59	a2b16f0e-343d-4f70-b916-5a4546b7fcab	Thickening Agents	1	2022-01-04 18:37:33.927591	2022-01-04 18:37:33.927591
5a03168f-44bb-48b2-b0ca-dbd678fb1c4d	c9c2c18c-2d5a-4203-a9d9-1b320eca3299	Banana Jameson (has recipe)	0	2022-01-10 05:06:59.030030	2022-01-10 05:27:50.000000
5a50f893-6956-4b00-bbb8-2d921d76cd5c	efc98a40-c0af-4457-b4c0-8368614e63c4	fire-roasted tomatoes	0	2021-03-02 06:23:09.065296	2021-03-02 06:23:09.065296
5a84fa41-770b-4ca1-8ffe-74f796dd2277	a2b16f0e-343d-4f70-b916-5a4546b7fcab	Shrubs	1	2023-07-04 21:46:26.492280	2023-07-04 21:46:26.492280
5aa73df8-33e2-4bb2-a2c7-9619f38339b2	e28cc990-f1db-469e-9cf7-abe133b55eba	apple cider	0	2023-07-04 21:45:32.085154	2023-07-04 23:13:07.000000
5ad05064-d9b6-4496-9413-c76771f506cc	59e2888d-361d-4374-848f-bd60a4118d59	gum arabic	0	2021-03-02 06:23:12.673842	2021-03-02 06:23:12.673842
5ae7d698-bed3-48ba-89db-39f761ff9f7f	b70066b2-7dd9-45cb-98bc-e414a1030f96	gentian liqueur	0	2022-01-16 22:06:07.307299	2023-07-04 23:23:34.000000
5b7ea52f-2a62-4d00-afb0-f6d8babba002	fb75c4a4-ed9d-4123-b7cf-60ddf7276e00	orange	0	2022-01-08 20:38:05.106918	2023-07-04 23:23:32.000000
5dab2b90-8e09-49a7-a8d0-beb1d74220be	bbfe3af3-0fd9-4284-9c5f-254e6baa8633	caffeine pill	0	2022-01-10 05:07:18.010053	2022-01-10 05:27:00.000000
5db82b15-94e8-4b37-93ac-0d827532fcd0	4ee4c82f-28f9-46a4-bbc0-3843d07d875f	cane sugar	0	2021-03-02 06:23:04.144443	2021-03-02 06:23:04.144443
5ddb9e8a-91f3-4bfa-9ba0-7bf63544e93a	43e6debb-587d-4178-8930-05ecf4d867de	root beer	0	2022-01-10 05:07:27.065555	2022-01-10 05:28:05.000000
5e7f211f-aeaa-4020-b3fe-ae3f3ecff15b	a54fdf4e-4790-4e22-80b7-1e9152725bda	light cream	0	2020-11-22 20:03:58.760512	2020-11-22 20:03:58.838685
60196d9f-5755-4138-81e9-585c9955129b	3975f6f1-c14b-4574-a95d-ec96d9ced9ab	Spice-Based Liqueur	1	2022-01-16 21:57:51.361736	2022-01-16 21:57:51.361736
603b0c20-d0cc-4860-a161-374c3ad90f62	dbd71109-ec57-4c55-86cd-bc0523f3c1b7	grappa	0	2021-03-02 06:23:11.045645	2021-03-02 06:23:11.045645
6085887c-8ccc-4267-b565-014ffae54655	6fa0d3a9-c4e0-4434-92c0-176434a12d70	Anise-Infused Distillations	1	2020-11-29 06:05:51.820205	2020-11-29 06:05:51.820205
60c9061a-871d-4b3c-925d-bf6b8b34ddde	\N	Cocktail Ingredients	1	2020-11-28 20:17:43.302471	2020-11-28 20:17:43.302471
60e4d9ee-2ef3-4daf-95ef-67e890eebc46	04172f8a-6b70-4ec3-8dbb-90fe842833ad	pot still lightly aged rum	0	2022-11-11 22:48:14.038585	2022-11-11 22:55:32.000000
61afda33-e664-410e-952c-2dcec9462d75	4ee4c82f-28f9-46a4-bbc0-3843d07d875f	white sugar	0	2021-03-02 06:23:23.893162	2022-01-06 22:36:15.000000
61c191fd-1bcd-4bdd-b616-8add25ba22de	b695eba8-735f-4c41-b4aa-10f33a582544	Speyside single malt Scotch whisky	0	2023-07-04 22:20:42.491395	2023-07-04 23:17:03.000000
625dec33-bc33-4caf-871f-6dfad0363431	8d5256e4-c7fb-4036-be0a-04c9abc644da	mandarin orange liqueur	0	2023-07-04 20:17:29.884707	2023-07-04 23:23:25.000000
62cdd942-6318-4d79-8052-726177d7c2a0	8adea4e2-ccb0-4080-8e01-0edeb7731e3c	ancho chile	0	2021-03-02 06:23:11.585945	2021-03-02 06:23:11.585945
6349640c-8fa7-4e8d-ac86-2125ecf7e884	3db25894-0a9a-4133-bded-f42285e4de11	blueberry	0	2022-01-10 05:07:17.042685	2022-01-10 05:26:23.000000
6368ce86-eb38-4475-8bf4-256b77061110	b63a6d9c-b629-4701-a189-ffe111291fa3	liquid nitrogen	0	2022-01-10 05:07:23.629988	2022-01-10 05:27:52.000000
639ee064-9c67-412e-8620-d92064e89955	14628b22-0785-4099-9760-0c34a2adaff9	thyme	0	2022-01-10 05:07:28.602165	2022-01-10 05:27:30.000000
63f086e1-9c77-4a91-8216-5950d02cdcd2	d9b9df18-11b6-4390-8b1b-4aaaf14a4dca	elderflower cordial	0	2022-01-06 21:22:48.037757	2022-01-06 22:36:26.000000
6439ba9b-3895-43b1-8f04-9f114e2e6bb8	e9d35a3b-6a7c-4fe0-9a67-65bfe8a096f9	edible hibiscus	0	2022-11-11 22:48:16.781216	2022-11-11 22:55:24.000000
64917566-ca8b-442d-9da7-1c31caa04bbd	1d6a0084-09ed-4b11-95b4-4890bbc7fe3e	Napa wine syrup	0	2022-11-11 22:48:11.474009	2022-11-11 22:55:02.000000
64bcd0d2-eb50-4b09-94de-77394941d349	4c6ae965-39f5-44f2-8640-edecaebad74b	vanilla-flavored vodka	0	2022-01-06 21:22:52.557170	2022-01-06 22:36:26.000000
64cb4f1e-6db9-435b-b054-98673d09ebcc	f186d5f9-cc75-47de-a08d-5996565b62dc	applejack	0	2021-03-02 06:23:02.343103	2021-03-02 06:23:02.343103
65747384-3fef-48cb-8240-dced117f46cd	19c6be4b-335e-4675-a232-d852d8f8f37d	blended lightly aged Guyana rum	0	2023-07-01 17:39:26.857841	2023-07-04 23:22:41.000000
65848042-6090-44af-9654-4a950c83c79d	c9ce57da-655a-4c83-95a7-013b88913f07	rose champagne	0	2022-01-10 05:07:27.241175	2022-01-10 05:27:28.000000
66948f17-58aa-4180-bf1b-d462478837f1	14628b22-0785-4099-9760-0c34a2adaff9	mint	0	2022-01-09 19:40:36.589727	2023-07-04 23:22:18.000000
66e28996-adac-45f1-9383-953139a7c99f	2810d65b-5b96-4436-80b3-6ee94b5e8f2a	vanilla-citrus liqueur	0	2023-07-01 17:46:18.046480	2023-07-01 17:46:18.046480
6754fcbc-d906-46c0-a21f-36f26dcfb4b9	14d6f18a-b61d-489a-9655-c96fc7e058d9	lager	0	2021-03-02 06:23:13.942044	2021-03-02 06:23:13.942044
68234ea0-28c0-4f19-a08c-a2bff93f1896	efc98a40-c0af-4457-b4c0-8368614e63c4	seasonal fruit	0	2022-01-09 19:56:35.319351	2022-01-10 05:27:45.000000
686f9bb8-f885-4802-a6df-e52ea5e5adaa	587e2d1c-e033-46e8-ba82-e1494e0671af	Plymouth gin	0	2021-03-02 06:22:57.560075	2023-07-04 23:23:21.000000
6881850f-51c9-4225-9bbc-fa777812b50d	77869385-e3c8-49cf-bb2a-e37a0279ba7e	maraschino liqueur	0	2020-11-22 20:03:58.760512	2023-07-04 23:22:23.000000
68b8c4dd-bcf6-4a21-a241-ab549e06a1a4	d9b9df18-11b6-4390-8b1b-4aaaf14a4dca	cranberry juice	0	2020-11-22 20:03:58.760512	2022-01-06 22:35:58.000000
68ed9e99-0167-4ae9-a69d-5d0a9567a217	d5b4bd25-2faa-4e4b-846a-ac2bec6d0854	peach bitters	0	2020-11-22 20:03:58.760512	2022-01-10 05:27:57.000000
690ae9e6-4585-418e-9095-90d304d91f59	27afc7ab-ca8a-4dd9-809a-ef819a04c1d1	worcestershire sauce	0	2020-11-22 20:03:58.760512	2022-01-06 22:35:35.000000
6914fabe-da9d-489d-a16e-a61da43fcbf0	cc11bdf1-2626-40f1-a3bd-91d4cd9f4c9c	Plymouth sloe gin	0	2022-01-10 05:07:10.999036	2022-01-10 05:27:53.000000
696ebb82-dafb-427b-a5a6-4a80b20b28f7	0f001481-898b-43dc-b5aa-132bf0200faa	maraschino cherry	0	2022-01-06 21:22:51.426936	2022-11-11 22:55:03.000000
6a066d31-d96e-43de-ae76-9b8f9cb9d20a	130127c4-a927-4733-88d2-05d33151db27	nocino	0	2021-03-02 06:23:17.004499	2021-03-02 06:23:17.004499
6a5f4ee1-5b40-4605-85e3-1f795a174d33	b63a6d9c-b629-4701-a189-ffe111291fa3	lime & cherry flag	0	2022-01-09 20:10:03.840401	2022-01-09 20:10:03.840401
6b320d77-8a8a-4bae-9faa-5b81c9c7b21b	fcc38451-0c1e-438d-ac6c-5af13f16e056	blood orange juice	0	2023-07-04 20:10:52.899635	2023-07-04 23:18:59.000000
6bdb579b-b888-4f11-95c2-cce56f2d36f0	1280ea4a-92a0-4aad-971d-770cc3501eb0	pale cream sherry	0	2023-07-04 20:19:30.152765	2023-07-04 23:18:11.000000
6c224e79-d0b7-4c39-a5a7-538728efc584	a056a950-d5a1-4087-a29c-1c8f31d9e4f4	fernet	0	2023-07-01 17:38:57.206830	2023-07-04 23:18:04.000000
6cbaa6f4-9b4f-4ca7-812e-d98b78716db7	4f49181b-a4e7-4999-896b-ba1f7f5be546	red wine	0	2022-01-06 21:22:52.341439	2022-01-06 22:36:18.000000
6cdf2ace-6c8a-41e0-b472-590279556059	b45a6f10-333a-4c61-86bd-3ae0677e6cef	curried ginger syrup	0	2023-07-04 20:15:06.778114	2023-07-04 23:18:35.000000
6d0695e2-ab3e-423d-b298-b2b64759635a	a2b16f0e-343d-4f70-b916-5a4546b7fcab	egg	0	2020-11-29 21:11:23.424951	2023-07-04 23:20:50.000000
6e23fa1a-0c32-4e72-9ef0-aa44786b32e0	15c2b6bd-2d40-41cf-aeae-827efbe7d1f7	pumpkin puree	0	2023-07-04 21:49:24.399283	2023-07-04 23:20:54.000000
6fa0d3a9-c4e0-4434-92c0-176434a12d70	3736ddfe-db42-4f31-b94b-b7e66b950ff2	Distilled Spirits	1	2020-11-29 06:04:34.153862	2022-01-10 05:26:42.000000
6fdb0df5-9149-4e16-b2b0-edff7e0265db	14628b22-0785-4099-9760-0c34a2adaff9	basil	0	2023-07-04 22:37:08.920518	2023-07-04 23:16:23.000000
6fec058e-697e-4687-9bf9-f8aeb5a5eb2f	fb75c4a4-ed9d-4123-b7cf-60ddf7276e00	citrus marmalade	0	2022-01-10 05:07:18.992882	2022-01-10 05:26:02.000000
702cba0a-a142-4767-9720-3e7d82b68149	b70066b2-7dd9-45cb-98bc-e414a1030f96	quinine cordial	0	2023-07-01 17:45:19.463572	2023-07-01 17:45:19.463572
7219eb00-cabc-408b-9201-07ee3aed0750	8adea4e2-ccb0-4080-8e01-0edeb7731e3c	nutmeg	0	2021-03-02 06:23:17.183693	2023-07-04 23:20:49.000000
72d1da3a-7b5e-448b-8cb8-ea7f9ea38532	efc98a40-c0af-4457-b4c0-8368614e63c4	fig	0	2022-01-10 05:07:20.904621	2022-01-10 05:27:31.000000
72db8a81-ff8f-4d7c-8edc-28dc0de8ec04	1d6a0084-09ed-4b11-95b4-4890bbc7fe3e	molasses syrup	0	2022-11-11 22:48:15.449471	2022-11-11 22:55:10.000000
73003a93-afd8-499b-86b8-3e8fd9fc4e2a	a2b16f0e-343d-4f70-b916-5a4546b7fcab	peanut butter powder	0	2021-03-02 06:23:18.989372	2021-03-02 06:23:18.989372
730a09b3-59be-47f1-9f92-08c5b60a0792	1d6a0084-09ed-4b11-95b4-4890bbc7fe3e	hibiscus syrup	0	2023-07-04 20:16:35.557678	2023-07-04 23:18:36.000000
730a84bb-5ebb-4356-907c-a96cf317bb13	14d6f18a-b61d-489a-9655-c96fc7e058d9	amber ale	0	2023-07-01 17:45:41.900653	2023-07-01 17:45:41.900653
7376e861-ded1-4910-ade1-ac1c6a5fdeb6	00b9dfb1-2496-443a-a65b-4a6ca5af7789	nectarine	0	2023-07-04 20:19:39.859009	2023-07-04 23:19:24.000000
73b733ff-49ef-4c3a-8296-ec0877192781	43e6debb-587d-4178-8930-05ecf4d867de	ginger ale	0	2020-11-22 20:03:58.760512	2022-11-11 22:56:17.000000
73cba606-3e54-4197-9682-a1650c02a6d5	9a4e184e-fd26-466c-abab-f1e95de65e91	pineapple-infused rum	0	2022-01-17 22:00:06.288485	2022-01-17 22:00:06.288485
73cc622a-6c9a-41ce-94fe-46c38bfa8bf6	55cde4e7-a0f9-4989-809a-a36e5fe74805	rhum agricole blanc	0	2023-07-04 22:14:36.221647	2023-07-04 23:23:29.000000
74fa1fa0-ac5d-4e52-b6d7-93384a36376d	b63a6d9c-b629-4701-a189-ffe111291fa3	cocktail napkin	0	2022-11-11 22:48:18.063021	2022-11-11 22:54:50.000000
75232636-f77e-4e89-a063-1603ccb23782	c74168d9-4ba6-46d9-b78c-c737fe48f720	column still aged Trinidad rum	0	2023-07-04 21:54:37.074192	2023-07-04 23:18:04.000000
7533db60-5dcb-40bc-8f66-1eefd611d56c	d5b4bd25-2faa-4e4b-846a-ac2bec6d0854	grapefruit bitters	0	2022-01-10 05:07:21.494131	2023-07-04 23:19:34.000000
7546192d-ba2f-4b03-86a5-c893ee4ae212	efc98a40-c0af-4457-b4c0-8368614e63c4	banana	0	2022-01-09 19:57:02.055781	2023-07-04 23:17:31.000000
75b85341-398a-401f-ab18-8c87fb674178	85ff413d-1552-4f08-8329-e96c0bf08def	white crème de menthe	0	2020-11-22 20:03:58.760512	2023-07-04 23:19:32.000000
75c241fc-5a60-47f0-b8c3-a8264020d2b2	00b9dfb1-2496-443a-a65b-4a6ca5af7789	pear	0	2022-01-10 05:07:25.173891	2023-07-04 23:20:16.000000
7685957c-073f-4f8b-bc57-2735883856de	c9c2c18c-2d5a-4203-a9d9-1b320eca3299	Clamato Mix (has recipe)	0	2022-01-10 05:07:02.179962	2022-01-10 05:27:58.000000
76a78ec6-1bab-4e65-b3e4-b89cc3c4eee5	a2b16f0e-343d-4f70-b916-5a4546b7fcab	vinegar	0	2023-07-04 22:02:47.789199	2023-07-04 22:02:47.789199
77869385-e3c8-49cf-bb2a-e37a0279ba7e	3975f6f1-c14b-4574-a95d-ec96d9ced9ab	Fruit Liqueurs	1	2020-11-29 20:36:41.109224	2020-11-29 20:36:41.109224
77e2815c-16cf-437a-88bb-e2db8742ee0f	0f001481-898b-43dc-b5aa-132bf0200faa	brandied cherry	0	2022-01-10 05:07:17.812071	2023-07-04 23:23:10.000000
780f7f30-19bd-47f4-bbe1-7bc02c693a76	1d6a0084-09ed-4b11-95b4-4890bbc7fe3e	gomme syrup	0	2020-11-22 20:03:58.760512	2020-11-22 20:03:58.838685
792d67bb-dfc5-477b-8a53-ece6979db0c3	8adea4e2-ccb0-4080-8e01-0edeb7731e3c	red chili pepper	0	2022-01-06 21:22:52.166697	2022-01-06 22:36:26.000000
7a468c56-fc24-44ed-9dbd-59df91e30311	c9c2c18c-2d5a-4203-a9d9-1b320eca3299	Donn's Mix #1	0	2023-07-04 20:18:54.324175	2023-07-04 23:19:53.000000
7b4cf430-0c7d-435e-a888-4313ee6d11e5	ccc07136-1120-4d00-94d0-eada7ff70089	aged Martinique rum	0	2021-03-02 06:22:56.117404	2022-01-06 22:35:49.000000
7b84db2a-1980-4304-9791-eb31ad488505	d9b9df18-11b6-4390-8b1b-4aaaf14a4dca	chamomile cordial	0	2022-01-06 21:22:46.377414	2022-01-06 22:36:31.000000
7c6053c4-0156-48c3-9790-81c44e0123ab	d9b9df18-11b6-4390-8b1b-4aaaf14a4dca	lemon juice	0	2020-11-22 20:03:58.760512	2023-07-04 23:21:37.000000
7c97778d-1933-4f86-819a-edc447d1787d	76a78ec6-1bab-4e65-b3e4-b89cc3c4eee5	verjus	0	2023-07-04 22:18:04.229173	2023-07-04 23:15:59.000000
7cb21942-933a-41e6-90f4-18a9a87ab1fa	1d6a0084-09ed-4b11-95b4-4890bbc7fe3e	orgeat syrup	0	2020-11-22 20:03:58.760512	2023-07-04 23:22:32.000000
7ea0eb25-271f-4c5e-904a-9e88051aceff	e41d9909-7ea1-4af3-a9c3-c6b415e47fd7	blended lightly aged Barbados rum	0	2023-07-04 21:57:07.839172	2023-07-04 23:22:19.000000
7eb4c5c5-8cf6-45fc-a9d7-4170343fee9a	d9b9df18-11b6-4390-8b1b-4aaaf14a4dca	clarified lemon juice (has recipe)	0	2022-01-10 05:07:19.388600	2022-01-10 05:27:01.000000
7ef6bd3e-b284-4799-b705-c9f567e95256	6fa0d3a9-c4e0-4434-92c0-176434a12d70	Sugarcane Distillations	1	2020-11-29 06:05:18.174680	2020-11-29 06:05:18.174680
7f3cafc9-4c60-42c1-95be-2ed783697ff0	c9c2c18c-2d5a-4203-a9d9-1b320eca3299	Banksy Scotch Mix (has recipe)	0	2022-01-10 05:06:59.209107	2022-01-10 05:27:26.000000
7f998fc4-3d2f-4f36-afec-10e6e08d2c72	3290e7e9-a95b-4fa5-b1e5-b2e928b8371f	calvados	0	2020-11-22 20:03:58.760512	2023-07-04 23:23:18.000000
805371f1-a361-4fb2-8d9d-b5422deda60b	1d6a0084-09ed-4b11-95b4-4890bbc7fe3e	simple syrup	0	2020-11-22 20:03:58.760512	2023-07-04 23:23:13.000000
81da5352-65d9-4275-bd39-d826d6e83ce3	455c0a48-478a-43ea-8d51-0d934b4db737	crème de noyeaux	0	2021-03-02 06:23:06.875528	2021-03-02 06:23:06.875528
821dd8b3-a97b-48e9-b00a-3b32a3aa053a	2c0dd80a-769b-4ea9-bab0-631a2c664480	Braeburn apple	0	2023-07-04 22:36:17.894165	2023-07-04 23:17:33.000000
82270722-52d9-4d0c-9c5a-c8ad11fd0d02	1d6a0084-09ed-4b11-95b4-4890bbc7fe3e	banana syrup	0	2023-07-04 20:15:56.865763	2023-07-04 23:17:31.000000
822b3f7e-542a-465c-b1a4-120636006914	290e485d-4603-40b8-9646-54a69ed48a83	celery	0	2022-01-06 21:22:46.203782	2023-07-04 23:19:37.000000
823301b7-4c08-49c9-a217-5c3f83a035f7	7546192d-ba2f-4b03-86a5-c893ee4ae212	ripe banana	0	2021-03-02 06:23:20.797329	2021-03-02 06:23:20.797329
825989eb-f13c-4eb2-b8e4-2aeba6feaf2b	efc98a40-c0af-4457-b4c0-8368614e63c4	olive	0	2022-01-09 19:56:08.503549	2022-01-09 19:56:08.503549
82c3ed4b-229e-4ad5-a070-144dde74a71b	d3290be5-e9f7-4945-a939-a03616460cc0	blanco tequila	0	2021-03-02 06:23:03.243937	2023-07-04 23:21:39.000000
82c89508-eb7f-4e10-97f1-6b510ee4f7d2	4623cc55-257b-4d04-ba6a-6432248cdf90	vanilla extract	0	2020-11-22 20:03:58.760512	2022-11-11 22:55:28.000000
830d72f1-6913-4452-8079-4413182a2b33	463c2b68-5821-49c4-9678-ddd299b40ffd	bonded bourbon whiskey	0	2021-03-02 06:23:03.603509	2022-01-10 05:25:26.000000
833ee1d8-afde-4b2a-afa4-d69735ea2d75	a54fdf4e-4790-4e22-80b7-1e9152725bda	evaporated milk	0	2021-03-02 06:23:08.329555	2021-03-02 06:23:08.329555
839a83ca-9b82-40e0-ab79-05b1e59480f0	c74168d9-4ba6-46d9-b78c-c737fe48f720	column still aged Nicaragua rum	0	2023-07-04 21:54:16.816649	2023-07-04 23:20:53.000000
839d91ea-0e08-4560-bdf5-88dee2b8bca2	d9b9df18-11b6-4390-8b1b-4aaaf14a4dca	grapefruit juice	0	2020-11-22 20:03:58.760512	2023-07-04 23:21:02.000000
8424febe-96a5-4a84-96e7-d342a7932d37	77869385-e3c8-49cf-bb2a-e37a0279ba7e	cherry liqueur	0	2022-01-06 21:22:46.554825	2023-07-04 23:23:10.000000
84a4bfda-4d21-49fc-a46d-e953bec4d674	ccc07136-1120-4d00-94d0-eada7ff70089	aged Jamaican rum	0	2021-03-02 06:23:01.435332	2022-01-06 22:35:49.000000
84a65048-8278-4534-8267-0e97b95bcb78	603b0c20-d0cc-4860-a161-374c3ad90f62	white grappa	0	2022-01-06 21:22:49.354994	2022-01-06 22:36:31.000000
858ee41d-b458-45b7-ba70-d04121b00b9a	9c9be338-05e3-4c36-8ad8-2cb629aa63d3	kirsch	0	2022-01-10 05:07:22.438349	2023-07-04 23:22:23.000000
8595bc2b-3794-4a3f-a2e5-f21e22611b05	b63a6d9c-b629-4701-a189-ffe111291fa3	plastic monkey	0	2022-01-10 05:07:26.096320	2022-01-10 05:27:50.000000
85c41193-c77b-4065-812d-e4bd97d1f4c9	43858a50-8ce1-4e16-9b24-340e618d083c	quinquina	0	2021-03-02 06:23:19.888054	2023-07-04 23:21:51.000000
85ff413d-1552-4f08-8329-e96c0bf08def	455c0a48-478a-43ea-8d51-0d934b4db737	crème de menthe	0	2020-11-22 20:03:58.760512	2020-11-22 20:03:58.838685
867323cf-9fb5-416b-aa3c-1bab54b0da74	1d6a0084-09ed-4b11-95b4-4890bbc7fe3e	old fashioned syrup (has recipe)	0	2022-01-10 05:07:24.007990	2022-01-10 05:26:44.000000
8777f3fb-f15e-46fd-9ac2-88b1b3bee2be	1110c2e0-a1d7-431f-bf2a-0da508a7bea2	151 Demerara rum	0	2021-03-02 06:22:48.117047	2023-07-04 23:23:20.000000
87baf094-471a-47b0-8bc7-b5db1acfd456	efc98a40-c0af-4457-b4c0-8368614e63c4	dried apricot	0	2022-01-10 05:07:20.176010	2022-01-10 05:26:07.000000
8808385f-1069-4854-a334-fb070684c005	587e2d1c-e033-46e8-ba82-e1494e0671af	old Tom gin	0	2021-03-02 06:22:56.478316	2023-07-04 23:21:13.000000
88084a40-0ae5-4975-9279-ef4f5889d105	c9c2c18c-2d5a-4203-a9d9-1b320eca3299	popcorn ice cream (has recipe)	0	2022-01-10 05:07:26.493015	2022-01-10 05:28:05.000000
89cfcb91-8b57-4407-a813-5245bd04ffc9	b63a6d9c-b629-4701-a189-ffe111291fa3	swizzle stick	0	2022-11-11 22:48:12.264299	2022-11-11 22:56:09.000000
8a4eecec-9267-424a-89db-88330be2108b	ab079f80-479e-4840-a8e9-07fa6b9ef192	wheat whiskey	0	2023-07-04 22:00:19.437617	2023-07-04 23:21:24.000000
8a7bba93-191e-4352-b74e-5fde0e852faf	c9c2c18c-2d5a-4203-a9d9-1b320eca3299	Tom & Jerry Batter	0	2021-03-02 06:22:47.926397	2021-12-26 04:18:13.000000
8a81eed6-89fb-4e28-9fa0-c0552726b857	d5b4bd25-2faa-4e4b-846a-ac2bec6d0854	allspice bitters	0	2023-07-04 20:11:33.073867	2023-07-04 23:19:34.000000
8adea4e2-ccb0-4080-8e01-0edeb7731e3c	a2b16f0e-343d-4f70-b916-5a4546b7fcab	Spices	1	2020-11-29 21:10:36.677257	2020-11-29 21:10:36.677257
8ba9b82e-a072-4497-9bbb-4dc71c137ca2	6085887c-8ccc-4267-b565-014ffae54655	Herbsaint	0	2021-03-02 06:22:54.128731	2022-11-11 22:56:02.000000
8bd49133-89a6-49bf-98e1-4ebd7e106f98	43e6debb-587d-4178-8930-05ecf4d867de	tonic soda	0	2021-03-02 06:23:22.442288	2021-03-02 06:23:22.442288
8c494027-0472-49f8-aa73-868d4b34dc13	8adea4e2-ccb0-4080-8e01-0edeb7731e3c	jerk seasoning	0	2023-07-09 18:34:33.331453	2023-07-09 18:34:33.331453
8c9e5c3d-d7e9-4bc7-b886-0a8e1017e855	14628b22-0785-4099-9760-0c34a2adaff9	sage	0	2023-07-04 21:47:53.794266	2023-07-04 23:12:57.000000
8d17f5a7-c5a9-4f06-9677-6f6fd0318764	30c2082a-9477-426c-ac1c-a5afd762963a	strong aperitivo amaro	0	2023-07-01 17:38:59.477540	2023-07-04 23:22:21.000000
8d5256e4-c7fb-4036-be0a-04c9abc644da	77869385-e3c8-49cf-bb2a-e37a0279ba7e	orange liqueur	0	2020-11-29 20:37:34.729834	2023-07-04 23:23:25.000000
8db7341e-3661-42a4-8a1f-e4e4854d675c	ccc07136-1120-4d00-94d0-eada7ff70089	aged Barbados rum	0	2021-03-02 06:23:00.668638	2021-03-02 06:23:00.668638
8dde86a1-fca2-4938-a889-c0b7d06e8f70	5a84fa41-770b-4ca1-8ffe-74f796dd2277	habanero shrub	0	2023-07-04 21:46:47.285744	2023-07-04 23:16:09.000000
8e64d6d3-3247-4122-b4b8-025ebf24d010	1d6a0084-09ed-4b11-95b4-4890bbc7fe3e	blueberry syrup	0	2023-07-04 20:15:46.845592	2023-07-04 23:19:43.000000
8e6876c5-34a2-4e62-8352-a1a423c9248a	b695eba8-735f-4c41-b4aa-10f33a582544	Campbeltown single malt Scotch whisky	0	2023-07-04 22:20:34.367201	2023-07-04 23:12:06.000000
8ebc73a9-ee48-4d1c-a70f-92649dedd25c	c9c2c18c-2d5a-4203-a9d9-1b320eca3299	Watermelon Mix (has recipe)	0	2022-01-10 05:07:14.483505	2022-01-10 05:27:56.000000
8ebc9506-979c-441d-b5aa-a8ff6a58732f	14d6f18a-b61d-489a-9655-c96fc7e058d9	stout beer	0	2023-07-04 21:53:39.073643	2023-07-04 23:18:54.000000
8ee969ed-4277-4368-8056-acca8e1724a3	a54fdf4e-4790-4e22-80b7-1e9152725bda	vanilla ice cream	0	2021-03-02 06:23:22.981551	2021-03-02 06:23:22.981551
8f588041-5dcd-484b-a5c9-a231e3759d1b	b70066b2-7dd9-45cb-98bc-e414a1030f96	hibiscus liqueur	0	2022-11-11 22:48:16.039137	2022-11-11 22:56:14.000000
8fee9fd9-e49f-46f0-a832-54fbaa232584	1d6a0084-09ed-4b11-95b4-4890bbc7fe3e	passion fruit syrup	0	2021-03-02 06:23:18.808081	2023-07-04 23:15:15.000000
90e4e839-6619-42a6-82cc-ee6d9dd2766c	a2b16f0e-343d-4f70-b916-5a4546b7fcab	water	0	2020-11-22 20:03:58.760512	2022-11-11 22:55:48.000000
90f2526a-0d7f-4770-8958-ab020f7d9992	dd6cc30e-f651-4aff-a01a-0a3f525e0694	black blended Jamaican rum	0	2022-11-11 22:48:19.735175	2022-11-11 22:55:28.000000
90f5a620-0b64-4a62-9049-4b20bae4cbb5	a056a950-d5a1-4087-a29c-1c8f31d9e4f4	Dimmi	0	2023-07-01 17:39:20.630168	2023-07-01 17:39:20.630000
9118a119-548a-411c-93ad-ff5f75c9b7a9	8adea4e2-ccb0-4080-8e01-0edeb7731e3c	cinnamon stick	0	2022-01-09 20:02:17.386996	2022-11-11 22:54:36.000000
91702c4b-1899-4822-8e74-ea8b00f5a855	21e8d80b-4580-41f4-b7c6-d50f496f581c	ginger beer	0	2022-01-06 21:22:48.430600	2022-11-11 22:54:23.000000
918e096f-0853-467b-bf2d-f6609934869b	0f001481-898b-43dc-b5aa-132bf0200faa	maraschino cherries	0	2022-11-11 22:48:15.648155	2022-11-11 22:53:49.000000
91f6c54b-4128-4f68-8551-f6f9e5f5d612	7b4cf430-0c7d-435e-a888-4313ee6d11e5	cane AOC Martinique rhum agricole vieux	0	2022-11-11 22:48:21.415901	2022-11-11 22:55:35.000000
924e9e54-ea74-4f73-a164-da63745178bd	12f1988a-3117-4776-9341-407f651e56c1	beef jerky	0	2022-01-09 20:05:41.372404	2022-01-09 20:05:41.372404
92dbf6db-ff69-4dfd-adbe-f146954ec13c	4ee4c82f-28f9-46a4-bbc0-3843d07d875f	powdered sugar	0	2020-11-22 20:03:58.760512	2022-01-06 22:35:52.000000
92f1c1e6-367c-4747-87d9-44f71e94e6d3	455c0a48-478a-43ea-8d51-0d934b4db737	crème de mûre	0	2021-03-02 06:23:06.692571	2023-07-04 23:12:55.000000
93a91e0c-ca33-496b-b456-c75a5253d817	15c2b6bd-2d40-41cf-aeae-827efbe7d1f7	apple butter	0	2023-07-04 22:06:46.100093	2023-07-04 23:16:43.000000
954b1576-dd41-4358-9fb1-d0942c68c5d8	efc98a40-c0af-4457-b4c0-8368614e63c4	passion fruit purée	0	2022-11-11 22:48:14.962582	2022-11-11 22:55:54.000000
965e618d-b1cd-487f-8c51-8f639984e108	efc98a40-c0af-4457-b4c0-8368614e63c4	red bell pepper	0	2021-03-02 06:23:20.257462	2021-03-02 06:23:20.257462
96d7df23-fc06-44e0-a72a-e2fe767806b9	3466a32f-5eba-4664-b2ff-b27279931d1c	dark rum	0	2020-11-22 20:03:58.760512	2022-01-10 05:26:11.000000
96fa84ce-750b-4e74-a901-d91a72101902	6fa0d3a9-c4e0-4434-92c0-176434a12d70	Grain Distillations	1	2020-11-29 06:05:33.355001	2020-11-29 06:05:33.355001
97394eee-3268-4c7e-911d-78c2cce52ca3	8d5256e4-c7fb-4036-be0a-04c9abc644da	blood orange liqueur	0	2023-07-04 20:17:13.225521	2023-07-04 23:17:15.000000
97975b8a-e77e-4c9b-b05f-ef904d9b0241	10cee634-16d2-4c7f-b754-aa41351ce3b0	spiced hibiscus infusion	0	2023-07-09 18:35:30.943531	2023-07-09 18:35:30.943531
97d1aa7c-e3ec-4a81-b6ed-806c76d0563c	09cfd702-7103-405f-b9e0-303ef0209df4	aromatic bitters	0	2022-01-06 21:22:45.456960	2023-07-04 23:23:33.000000
9821d3ab-1a53-4873-baf0-d4d255408ffc	dd6cc30e-f651-4aff-a01a-0a3f525e0694	black blended rum	0	2023-07-08 01:09:17.863172	2023-07-08 01:09:17.863172
9833a413-25ea-4f8d-bf5a-d6375df36b00	27afc7ab-ca8a-4dd9-809a-ef819a04c1d1	steak sauce	0	2021-03-02 06:23:21.345498	2021-03-02 06:23:21.345498
984dc3e6-3418-41b1-ad88-1586ff1bddac	4c6ae965-39f5-44f2-8640-edecaebad74b	chocolate-flavored vodka	0	2023-07-04 21:50:32.093851	2023-07-04 23:14:51.000000
986440db-4a4d-453b-a7d3-2bcf57b4c10c	b63a6d9c-b629-4701-a189-ffe111291fa3	orange & cherry flag	0	2022-01-09 20:10:14.304385	2022-01-09 20:10:14.304385
989c0647-7657-4019-bd02-e760516589c8	a056a950-d5a1-4087-a29c-1c8f31d9e4f4	rabarbaro-style amaro 	0	2023-07-01 17:38:40.259690	2023-07-01 17:38:40.259690
9970dea1-1dd0-4188-97dd-373d0aeee12b	4e1e9990-549d-4c88-a757-1c8a84fce084	white peach	0	2022-11-11 22:36:26.278586	2022-11-11 22:54:14.000000
998e8296-8a52-4a5d-868b-e94abf9cc486	ab079f80-479e-4840-a8e9-07fa6b9ef192	Irish whiskey	0	2020-11-22 20:03:58.760512	2023-07-04 23:21:45.000000
9a4e184e-fd26-466c-abab-f1e95de65e91	3466a32f-5eba-4664-b2ff-b27279931d1c	Infused Rums	1	2022-01-17 21:59:11.479185	2022-01-17 21:59:11.479185
9a872c8d-0c00-4edd-ad91-f72f32bbc2ec	b63a6d9c-b629-4701-a189-ffe111291fa3	biscotti	0	2022-01-10 05:07:16.469771	2022-01-10 05:27:52.000000
9ac04a36-da65-4d90-9b18-f5fec4e8fce2	43e6debb-587d-4178-8930-05ecf4d867de	coke	0	2020-11-22 20:03:58.760512	2020-11-22 20:03:58.838685
9af3b352-43d2-4113-bf96-58550671410d	efc98a40-c0af-4457-b4c0-8368614e63c4	cucumber	0	2022-01-09 19:56:17.103010	2023-07-04 23:21:41.000000
9af4f47b-f97f-4f97-9ee3-ebc0f7a67971	d9b9df18-11b6-4390-8b1b-4aaaf14a4dca	sugar cane juice	0	2022-01-06 21:22:43.504067	2022-01-06 22:35:22.000000
9b63b405-af45-40f1-b4c2-5b62553af11d	3466a32f-5eba-4664-b2ff-b27279931d1c	gold rum	0	2022-01-06 21:22:48.823578	2022-01-06 22:36:06.000000
9b7a375a-c14a-4a1b-a4ed-59f076607d57	a2b16f0e-343d-4f70-b916-5a4546b7fcab	chocolate	0	2022-01-04 19:19:07.377400	2022-01-04 19:19:07.377400
9b81de80-5460-4894-a5c7-cf114d05be30	463c2b68-5821-49c4-9678-ddd299b40ffd	overproof bourbon whiskey	0	2022-01-07 22:46:51.120732	2022-01-07 22:46:51.120732
9c9be338-05e3-4c36-8ad8-2cb629aa63d3	c5fbb673-9e5e-4405-a01f-30bf9ce92e7b	Stone Fruit Distillations	1	2020-11-29 06:09:34.680265	2020-11-29 06:09:34.680265
9ca4cb19-dfe4-4d52-99d1-6ec62a99d6ae	a2b16f0e-343d-4f70-b916-5a4546b7fcab	Cordials	1	2023-07-04 21:58:03.909943	2023-07-04 21:58:03.909943
9efa69a1-7732-4192-b09e-48ed9cbb3b96	455c0a48-478a-43ea-8d51-0d934b4db737	crème de cacao	0	2020-11-22 20:03:58.760512	2020-11-22 20:03:58.838685
9f72d9dc-e4f8-48a8-a0f6-df474f39695e	14628b22-0785-4099-9760-0c34a2adaff9	rosemary sprig	0	2022-01-10 05:07:27.658028	2022-01-10 05:27:43.000000
9f970d42-314a-42ae-bc69-b97c90c28492	09cfd702-7103-405f-b9e0-303ef0209df4	herbstura	0	2022-11-11 22:36:28.422209	2022-11-11 22:56:20.000000
a035ce61-b795-4461-ab93-ada8c886f2f0	c9c2c18c-2d5a-4203-a9d9-1b320eca3299	vanilla brandy (has recipe)	0	2022-11-11 22:48:11.859362	2022-11-11 22:54:55.000000
a0370adb-e266-429c-a6e7-7db8d08efef9	84a4bfda-4d21-49fc-a46d-e953bec4d674	blended aged Jamaican rum	0	2022-11-11 22:48:20.555696	2023-07-04 23:22:55.000000
a056a950-d5a1-4087-a29c-1c8f31d9e4f4	b70066b2-7dd9-45cb-98bc-e414a1030f96	Amaro	1	2022-01-04 18:23:47.293808	2022-01-04 18:23:47.293808
a120fad1-2c71-47f9-9fc3-5f5a7b22a959	b1d50bac-d25d-4dc5-824e-cbc97cca2d66	espresso-infused demerara syrup	0	2023-07-04 20:14:52.986566	2023-07-04 23:20:52.000000
a151c2c0-fd9f-425a-b64f-c6717c3f568e	97d1aa7c-e3ec-4a81-b6ed-806c76d0563c	Amargo bitters	0	2022-01-06 21:22:43.885155	2022-01-06 22:35:56.000000
a16950c9-0a03-404a-91b5-75657acf8e85	b70066b2-7dd9-45cb-98bc-e414a1030f96	winter-spice herbal liqueuer	0	2023-07-01 17:38:47.086138	2023-07-04 23:20:09.000000
a1978bf1-cf02-40e4-ac13-338eb6f666b5	c9c2c18c-2d5a-4203-a9d9-1b320eca3299	Zombie Mix	0	2023-07-04 20:18:45.482519	2023-07-04 23:12:29.000000
a1d9a17a-125a-4db6-a069-390eea1f1465	27e3b964-414d-4f57-9729-5a9d82a1bf84	dry vermouth	0	2020-11-22 20:03:58.760512	2023-07-04 23:23:11.000000
a22bd28f-1033-4c7f-bb52-1c29063209bf	1d6a0084-09ed-4b11-95b4-4890bbc7fe3e	cumin syrup	0	2023-07-04 20:15:31.810468	2023-07-04 23:17:17.000000
a2a073de-ba7f-48d6-9073-3417f2590ac2	a056a950-d5a1-4087-a29c-1c8f31d9e4f4	felsina-style amaro	0	2023-07-01 17:38:37.530879	2023-07-04 23:19:32.000000
a2b16f0e-343d-4f70-b916-5a4546b7fcab	60c9061a-871d-4b3c-925d-bf6b8b34ddde	Non-Alcoholic Ingredients	1	2020-11-28 20:22:00.635296	2020-11-28 20:22:00.635296
a2c8b22c-5e4a-4189-b1bb-0c2f1207ef9d	a056a950-d5a1-4087-a29c-1c8f31d9e4f4	carciofo-style amaro	0	2023-07-01 17:39:16.490886	2023-07-04 23:22:12.000000
a2e8753c-11da-46b0-9391-ecebe1cca29d	a8ae0caa-c392-48f9-859c-d5fe1379009c	salted butter	0	2023-07-09 18:36:48.776743	2023-07-09 18:36:48.776743
a33c1ee9-d3eb-49f8-9b12-21e1017e94ae	b70066b2-7dd9-45cb-98bc-e414a1030f96	anise-flavored liqueur	0	2023-07-01 17:39:32.569279	2023-07-04 23:19:06.000000
a43a10e8-eff0-4565-a8c2-34afc3ae315e	d9b9df18-11b6-4390-8b1b-4aaaf14a4dca	celery juice	0	2022-01-10 05:07:18.209100	2023-07-04 23:19:37.000000
a48f5f46-e8b5-49b6-a12d-b381a7e328ec	dbd71109-ec57-4c55-86cd-bc0523f3c1b7	Pineau des Charentes	0	2023-07-04 22:19:11.806021	2023-07-04 23:19:26.000000
a4c95701-cf8c-47af-9e64-e4ac08fb609f	4623cc55-257b-4d04-ba6a-6432248cdf90	spruce beer soda extract	0	2022-11-11 22:48:12.858030	2022-11-11 22:55:10.000000
a54fdf4e-4790-4e22-80b7-1e9152725bda	a2b16f0e-343d-4f70-b916-5a4546b7fcab	Dairy	1	2020-11-29 21:10:51.542585	2020-11-29 21:10:51.542585
a5aa2336-bf08-444b-a2eb-69eb433a5054	90e4e839-6619-42a6-82cc-ee6d9dd2766c	distilled water	0	2022-01-10 05:07:19.980396	2022-01-10 05:28:07.000000
a5bb07f1-3afc-4f32-ac6f-e274cbe64bd1	14628b22-0785-4099-9760-0c34a2adaff9	pineapple sage leaf	0	2022-01-10 05:07:25.898927	2022-01-10 05:25:53.000000
a77d7958-c888-415e-96ef-0f41b25d71cc	8adea4e2-ccb0-4080-8e01-0edeb7731e3c	candied ginger	0	2022-01-06 21:22:46.003538	2023-07-04 23:11:39.000000
a784dd65-81c1-4d5f-ac74-2e12dd883bfa	1d6a0084-09ed-4b11-95b4-4890bbc7fe3e	maple syrup	0	2021-03-02 06:23:16.465066	2023-07-04 23:23:33.000000
a7a69bba-700d-41b1-a94f-52dfc321e965	0fcfad66-a013-4657-8b6b-d0fec241707e	joven mezcal	0	2023-07-01 17:39:18.741912	2023-07-01 17:39:18.741912
a8055efc-e02f-4621-818b-3f0e7f4798ae	8adea4e2-ccb0-4080-8e01-0edeb7731e3c	garlic	0	2021-03-02 06:23:21.164672	2021-03-02 06:23:21.164672
a86ffbae-0870-44cf-a55a-92056a7aaf6d	77869385-e3c8-49cf-bb2a-e37a0279ba7e	elderflower liqueur	0	2023-07-01 17:46:06.232072	2023-07-04 23:23:21.000000
a8ae0caa-c392-48f9-859c-d5fe1379009c	a54fdf4e-4790-4e22-80b7-1e9152725bda	unsalted butter, softened	0	2021-03-02 06:23:22.621749	2021-03-02 06:23:22.621749
a8ca20ad-1a24-493e-a140-8fa92786d068	3a29c9b8-7ac2-491a-8857-6e53ab16e6ef	sea salt	0	2022-01-10 05:07:28.032128	2022-01-10 05:26:37.000000
aa140bb6-0cb4-4449-a228-86b4c92b1306	5b7ea52f-2a62-4d00-afb0-f6d8babba002	orange marmalade	0	2022-01-10 05:07:24.403136	2023-07-04 23:15:09.000000
aa35f359-e71e-495c-a4dd-0d637b50211b	3736ddfe-db42-4f31-b94b-b7e66b950ff2	hellfire tincture	0	2023-07-01 17:45:18.624650	2023-07-01 17:45:18.624000
ab079f80-479e-4840-a8e9-07fa6b9ef192	96fa84ce-750b-4e74-a901-d91a72101902	whiskey	0	2020-11-29 06:12:47.734049	2020-11-29 06:12:47.734049
ab786374-642c-4dd1-911d-96d5c4d70e38	3a29c9b8-7ac2-491a-8857-6e53ab16e6ef	applewood smoked salt	0	2022-01-10 05:07:14.946159	2022-01-10 05:26:20.000000
abb8b3b2-145c-411c-babf-4de0571bba5a	1d6a0084-09ed-4b11-95b4-4890bbc7fe3e	agave syrup	0	2021-03-02 06:23:00.489438	2023-07-04 23:23:32.000000
ac483c44-207d-4e61-9cb2-7ffefdf202ab	6d0695e2-ab3e-423d-b298-b2b64759635a	egg yolk	0	2020-11-22 20:03:58.760512	2023-07-04 23:20:54.000000
ac5b54da-9407-4c0c-8146-26d99df769c0	c9c2c18c-2d5a-4203-a9d9-1b320eca3299	Canon foam (has recipe)	0	2022-01-10 05:07:01.189340	2022-01-10 05:25:38.000000
ac6378a5-ce53-4f9e-ae9e-a4d8c0ca57f8	77869385-e3c8-49cf-bb2a-e37a0279ba7e	fruit cup liqueur	0	2023-07-01 17:45:49.969771	2023-07-01 17:45:49.969771
ad1ce9c3-c9e3-47ac-aa8b-f3f046474c39	c9c2c18c-2d5a-4203-a9d9-1b320eca3299	Brain Rum (has recipe)	0	2022-01-10 05:07:00.633971	2022-01-10 05:27:22.000000
ad203467-ffd0-4b43-ac37-c44714596382	b63a6d9c-b629-4701-a189-ffe111291fa3	Red Vines licorice twist	0	2022-01-10 05:07:11.550731	2022-01-10 05:28:05.000000
ada06f44-52f5-4c8d-ac5e-c4b77847a1f2	6349640c-8fa7-4e8d-ac86-2125ecf7e884	blueberry preserves	0	2022-01-10 05:07:17.239530	2022-01-10 05:26:23.000000
adc098c0-5d70-4b2d-b546-87d33b0f9987	68b8c4dd-bcf6-4a21-a241-ab549e06a1a4	unsweetened cranberry juice	0	2021-03-02 06:23:22.800642	2021-03-02 06:23:22.800642
aea36f73-9ec9-4c20-8b0b-d389ec2c6689	fd5fa761-f23e-4bb2-b91c-279a20c8932e	pot still aged cachaça	0	2022-11-11 22:48:14.358839	2022-11-11 22:55:21.000000
afbb02f6-6537-4ff6-b3d5-3e56ff9cd340	a2b16f0e-343d-4f70-b916-5a4546b7fcab	molasses	0	2023-07-09 18:36:48.593870	2023-07-09 18:36:48.593870
b013e41d-5703-4f69-bf0e-39f4aed1f7ad	35a82c21-3194-46f2-a166-0cdbf5854629	raspberry gum syrup	0	2022-11-11 22:48:13.501211	2022-11-11 22:55:19.000000
b042134e-e758-497d-b805-986985aba5e3	c9c2c18c-2d5a-4203-a9d9-1b320eca3299	li hing mui powder	0	2022-11-11 22:36:30.496731	2022-11-11 22:55:39.000000
b0d52def-b871-41b4-9116-b12016d390fa	7b4cf430-0c7d-435e-a888-4313ee6d11e5	cane AOC Martinique rhum agricole blanc	0	2022-11-11 22:48:21.238738	2022-11-11 22:55:44.000000
b11c7b99-278a-4df7-94a0-625b46385c7a	4ee4c82f-28f9-46a4-bbc0-3843d07d875f	honey	0	2022-01-06 21:22:49.181864	2022-01-06 22:36:10.000000
b127a572-9718-454f-8547-230038e73e6e	efc98a40-c0af-4457-b4c0-8368614e63c4	cherry	0	2022-01-09 19:56:03.635685	2023-07-04 23:16:37.000000
b18d8bbe-62d0-491b-9317-40d61cf8664b	d9b9df18-11b6-4390-8b1b-4aaaf14a4dca	clarified grapefruit juice (has recipe)	0	2022-01-10 05:07:19.190634	2022-01-10 05:26:57.000000
b18d91a5-e2b6-4b58-8a86-9c6973a30b9a	77869385-e3c8-49cf-bb2a-e37a0279ba7e	peach liqueur	0	2022-01-10 05:07:25.369875	2022-11-11 22:54:23.000000
b1d50bac-d25d-4dc5-824e-cbc97cca2d66	1d6a0084-09ed-4b11-95b4-4890bbc7fe3e	demerara syrup	0	2022-11-11 22:48:16.979766	2023-07-04 23:23:31.000000
b2175647-412e-4d75-893b-a77e376c3882	04172f8a-6b70-4ec3-8dbb-90fe842833ad	column still lightly aged rum	0	2022-11-11 22:48:17.266815	2023-07-04 23:14:30.000000
b2a83ca3-524e-47c7-98e1-30df60ce4d83	efc98a40-c0af-4457-b4c0-8368614e63c4	cherry tomato	0	2022-01-10 05:07:18.599782	2023-07-04 23:15:59.000000
b30ddb47-d27a-4019-801e-73ef9b2a1331	4c6ae965-39f5-44f2-8640-edecaebad74b	vodka citron	0	2020-11-22 20:03:58.760512	2022-01-06 22:36:15.000000
b388c821-e0ad-4c0c-aaf7-9a318538a722	3466a32f-5eba-4664-b2ff-b27279931d1c	spiced rum	0	2022-01-17 22:05:49.879345	2022-01-17 22:05:49.879345
b406c19e-fb78-4467-985d-c474ffe6d343	90e4e839-6619-42a6-82cc-ee6d9dd2766c	rose water	0	2022-01-10 05:07:27.483387	2023-07-04 23:20:48.000000
b411b778-c483-430b-abda-0b09d7e0a11e	9b7a375a-c14a-4a1b-a4ed-59f076607d57	dark chocolate	0	2021-03-02 06:23:07.605332	2023-07-04 23:11:41.000000
b45a6f10-333a-4c61-86bd-3ae0677e6cef	1d6a0084-09ed-4b11-95b4-4890bbc7fe3e	ginger syrup	0	2021-03-02 06:23:10.503713	2023-07-04 23:22:35.000000
b49b6c28-585d-482a-9c01-9f9548c9b190	e806ff7c-7e10-4e66-833d-719639cb3cf9	fuji apple juice	0	2023-07-04 20:10:24.723258	2023-07-04 23:19:47.000000
b4a2d3a3-b0b3-44fc-b260-a0cda70f6aa8	b70066b2-7dd9-45cb-98bc-e414a1030f96	Yellow Chartreuse	0	2021-03-02 06:23:00.310120	2023-07-04 23:22:57.000000
b5eef26b-3dea-445d-bf1a-e86723e15b1b	43858a50-8ce1-4e16-9b24-340e618d083c	sherry	0	2023-07-01 18:02:43.729694	2023-07-04 23:23:20.000000
b6181845-0ecd-499c-9855-dec6d6c720ca	b70066b2-7dd9-45cb-98bc-e414a1030f96	Bénédictine	0	2021-03-02 06:22:50.870196	2023-07-04 23:23:11.000000
b63a6d9c-b629-4701-a189-ffe111291fa3	a2b16f0e-343d-4f70-b916-5a4546b7fcab	Decorations	1	2022-01-09 20:04:09.151302	2022-01-09 20:04:09.151302
b677399a-5ea6-4e40-a328-a360de3cd632	1d6a0084-09ed-4b11-95b4-4890bbc7fe3e	falernum	0	2021-03-02 06:23:08.509732	2023-07-04 23:21:13.000000
b695eba8-735f-4c41-b4aa-10f33a582544	d5c70dfa-4939-41c6-97ad-0e6889c5383b	single malt Scotch whisky	0	2023-07-04 22:19:51.606123	2023-07-04 22:19:51.606123
b6f73d06-b4c8-4fd9-8e0a-b65cd76d383f	b63a6d9c-b629-4701-a189-ffe111291fa3	rock candy stick	0	2022-11-11 22:48:13.261021	2022-11-11 22:56:06.000000
b70066b2-7dd9-45cb-98bc-e414a1030f96	3975f6f1-c14b-4574-a95d-ec96d9ced9ab	Herbal Liqueurs	1	2020-11-29 20:39:56.833890	2020-11-29 20:39:56.833890
b7046b44-7d06-461b-98b4-4d7194347c51	0f001481-898b-43dc-b5aa-132bf0200faa	amarena cherry	0	2021-03-02 06:23:01.979899	2021-03-02 06:23:01.979899
b72cad2e-48d2-4ebe-8b45-a8a2ed5abb2f	4ee4c82f-28f9-46a4-bbc0-3843d07d875f	brown sugar	0	2020-11-22 20:03:58.760512	2020-11-22 20:03:58.838685
b7f1d90a-8249-4e91-b61a-d619c4aa4bcc	c74168d9-4ba6-46d9-b78c-c737fe48f720	column still aged U.S. Virgin Islands rum	0	2023-07-04 21:54:46.025155	2023-07-04 23:21:55.000000
b832124c-d1b5-4232-8892-97ab3097b72d	15c2b6bd-2d40-41cf-aeae-827efbe7d1f7	red bell pepper puree	0	2023-07-04 21:49:34.127989	2023-07-04 23:15:33.000000
b8abcddd-c299-49be-aeb1-f439a6a29fbf	1d6a0084-09ed-4b11-95b4-4890bbc7fe3e	jerk syrup	0	2022-11-11 22:36:28.822192	2022-11-11 22:55:37.000000
b93b5e2d-1dda-4d9f-9cfc-f646ae9757d5	b63a6d9c-b629-4701-a189-ffe111291fa3	cocktail umbrella	0	2022-01-09 20:10:24.361998	2022-11-11 22:56:11.000000
b94ad7bf-3e8d-4474-b280-963a7413b470	dbd71109-ec57-4c55-86cd-bc0523f3c1b7	pisco	0	2021-03-02 06:23:19.708065	2023-07-04 23:23:08.000000
b968233b-f0b7-4945-ab26-77bffb3249df	3a29c9b8-7ac2-491a-8857-6e53ab16e6ef	Cyprus sea salt	0	2022-01-10 05:07:03.141416	2022-01-10 05:27:47.000000
b9790d79-6a72-49d1-b302-536968cfdd24	c9c2c18c-2d5a-4203-a9d9-1b320eca3299	Chartreuse ice cream (has recipe)	0	2022-01-10 05:07:01.773614	2022-01-10 05:28:04.000000
b97a0fd1-b8a7-4fe1-a5d5-a9b0ca2ab0dc	d9a7d8b5-8da8-4fd9-bbed-55f5d6dbf492	white peach purée	0	2021-03-02 06:23:23.702063	2022-01-06 22:35:33.000000
ba1769a1-c8cd-49cc-b7a1-bffd802f6d7c	c39ff8f5-1721-4ab0-b2ed-b662f5a7a0d8	vino-style amaro	0	2023-07-01 17:45:54.903420	2023-07-04 23:15:22.000000
baca2ab2-3f80-44fa-8d54-ae66f49a2535	27afc7ab-ca8a-4dd9-809a-ef819a04c1d1	hot sauce	0	2021-03-02 06:23:13.582426	2023-07-04 23:15:07.000000
bad9887c-ca63-4bf6-90a7-940fef29f7d5	3975f6f1-c14b-4574-a95d-ec96d9ced9ab	coconut liqueur	0	2023-07-04 22:05:41.897217	2023-07-04 23:16:25.000000
bb324d0a-a8a9-41de-a289-f7d9ca5721f5	1d6a0084-09ed-4b11-95b4-4890bbc7fe3e	cinnamon syrup	0	2021-03-02 06:23:05.046125	2023-07-04 23:23:27.000000
bb42a8e5-5b6e-4b1e-bc64-89f9cf3960fe	dd6cc30e-f651-4aff-a01a-0a3f525e0694	blended aged Puerto Rican rum	0	2023-07-04 21:56:33.952617	2023-07-04 23:22:40.000000
bb51de06-262e-420f-b23d-34a77118bde4	43e6debb-587d-4178-8930-05ecf4d867de	grapefruit soda	0	2021-03-02 06:23:10.862055	2023-07-04 23:11:46.000000
bb61e748-e182-4a49-bdad-263dad41bc6d	b63a6d9c-b629-4701-a189-ffe111291fa3	ti leaf	0	2022-11-11 22:48:12.062980	2022-11-11 22:56:02.000000
bbaa8f39-4532-4e65-8730-39bc714d5f94	09cfd702-7103-405f-b9e0-303ef0209df4	orange bitters	0	2020-11-22 20:03:58.760512	2023-07-04 23:23:33.000000
bbcdf5da-7d02-4d61-9c2c-ba20faf8afda	7546192d-ba2f-4b03-86a5-c893ee4ae212	very ripe banana	0	2021-03-02 06:23:23.341709	2021-03-02 06:23:23.341709
bbe9c97a-e417-4922-80d8-ed0e757a5ca3	04172f8a-6b70-4ec3-8dbb-90fe842833ad	light Cuban-style rum	0	2021-03-02 06:23:14.845273	2022-01-06 22:35:53.000000
bbfe3af3-0fd9-4284-9c5f-254e6baa8633	a2b16f0e-343d-4f70-b916-5a4546b7fcab	coffee	0	2020-11-29 21:18:38.884945	2020-11-29 21:18:38.884945
bc25750f-c111-4694-801e-ca659c8f42b4	130127c4-a927-4733-88d2-05d33151db27	almond liqueur	0	2022-01-16 21:53:04.431774	2022-01-16 21:53:04.431774
bcd36aec-427c-4b3e-a44d-993602511b8e	0fcfad66-a013-4657-8b6b-d0fec241707e	espadin mezcal	0	2022-01-06 21:22:48.232866	2022-01-06 22:36:14.000000
bd54434d-5e40-4fc4-87e2-da98d261f064	8adea4e2-ccb0-4080-8e01-0edeb7731e3c	allspice	0	2021-03-02 06:23:11.406159	2021-03-02 06:23:11.406159
bdbfcb05-b3c7-4f49-b8a6-b582c33be671	d9b9df18-11b6-4390-8b1b-4aaaf14a4dca	grapefruit cordial	0	2021-03-02 06:23:10.682820	2021-03-02 06:23:10.682820
bde3cfbf-dd01-4aec-b37a-3bc4cca5df6a	43e6debb-587d-4178-8930-05ecf4d867de	soda water	0	2020-11-22 20:03:58.760512	2023-07-04 23:21:33.000000
be5dd4e4-efc9-45f6-8010-54234682fea4	8808385f-1069-4854-a334-fb070684c005	Old English gin	0	2022-01-10 05:07:09.438568	2022-01-10 05:27:41.000000
be9d1091-f0c0-413f-88c0-7b246f1e96ee	d5b4bd25-2faa-4e4b-846a-ac2bec6d0854	lavender bitters	0	2022-01-10 05:07:22.635129	2023-07-04 23:10:37.000000
bed29ca6-d6c6-4cc1-ab69-a4186309d926	4f49181b-a4e7-4999-896b-ba1f7f5be546	white wine	0	2020-11-22 20:03:58.760512	2020-11-22 20:03:58.838685
bf071db0-ba2d-4b69-bf42-9908c068cfbc	ab079f80-479e-4840-a8e9-07fa6b9ef192	Tennessee whiskey	0	2021-03-02 06:22:59.896951	2021-03-02 06:22:59.896951
bff115a6-92c9-4f75-8748-a4e7abf3eea8	c9c2c18c-2d5a-4203-a9d9-1b320eca3299	Bergerac Mix	0	2023-07-04 20:18:33.475125	2023-07-04 23:22:40.000000
c0002b9a-7a7b-43c9-875a-e49f9fe08841	8adea4e2-ccb0-4080-8e01-0edeb7731e3c	star anise	0	2022-01-10 05:07:28.226169	2022-01-10 05:26:54.000000
c0e7edee-ef30-4848-a7bc-8fa15b31ca3d	1d6a0084-09ed-4b11-95b4-4890bbc7fe3e	pomegranate molasses	0	2023-07-04 22:07:03.089335	2023-07-04 23:22:31.000000
c18c305d-9dea-4b9c-90d0-54512e04ba14	c9c2c18c-2d5a-4203-a9d9-1b320eca3299	saline solution	0	2022-01-10 05:07:27.854963	2022-01-10 05:25:27.000000
c1a73c8d-a604-4c47-b41a-43308511fe35	43e6debb-587d-4178-8930-05ecf4d867de	guava soda	0	2023-07-01 17:38:58.649965	2023-07-01 17:38:58.649965
c27656c3-5d21-487d-b797-6a44e975cdaa	a2b16f0e-343d-4f70-b916-5a4546b7fcab	tea	0	2022-01-04 19:12:59.000065	2022-01-04 19:12:59.000065
c297b99c-bba6-4123-9419-833167bbb7de	1d6a0084-09ed-4b11-95b4-4890bbc7fe3e	Gastriques	1	2023-07-04 22:08:10.979672	2023-07-04 22:08:10.979672
c3372eed-e075-49e5-9cb0-c8afca04b974	6cbaa6f4-9b4f-4ca7-812e-d98b78716db7	Rioja wine	0	2021-03-02 06:22:58.458722	2023-07-04 23:21:18.000000
c39ff8f5-1721-4ab0-b2ed-b662f5a7a0d8	27e3b964-414d-4f57-9729-5a9d82a1bf84	sweet vermouth	0	2020-11-22 20:03:58.760512	2023-07-04 23:23:16.000000
c451204d-1887-4b3f-afb5-89f876e66c69	8adea4e2-ccb0-4080-8e01-0edeb7731e3c	ginger	0	2021-02-21 02:34:54.193315	2022-01-06 22:36:22.000000
c524bef6-7185-4500-8344-52a87d7078c6	4ee4c82f-28f9-46a4-bbc0-3843d07d875f	demerara sugar	0	2021-03-02 06:23:07.784532	2021-03-02 06:23:07.784532
c5fbb673-9e5e-4405-a01f-30bf9ce92e7b	6fa0d3a9-c4e0-4434-92c0-176434a12d70	Fruit Distillations	1	2020-11-29 06:05:24.418400	2020-11-29 06:05:24.418400
c6603672-be3c-4ff8-b731-1a57675212a7	c9c2c18c-2d5a-4203-a9d9-1b320eca3299	Toucan Mix (has recipe)	0	2022-01-10 05:07:14.098164	2022-01-10 05:26:26.000000
c68be856-1c63-42ac-ad6a-52c41f28d915	b63a6d9c-b629-4701-a189-ffe111291fa3	pineapple & cherry flag	0	2022-01-09 20:10:19.952882	2022-01-09 20:10:19.952882
c74168d9-4ba6-46d9-b78c-c737fe48f720	ccc07136-1120-4d00-94d0-eada7ff70089	column still aged rum	0	2022-11-11 22:48:17.465285	2022-11-11 22:56:18.000000
c75ffc0b-1590-4804-8209-4b8bf0223478	a2b16f0e-343d-4f70-b916-5a4546b7fcab	acid phosphate	0	2023-07-04 22:02:33.053467	2023-07-04 23:22:23.000000
c819ff47-e960-45f3-a7a0-7be55b2cc2be	8adea4e2-ccb0-4080-8e01-0edeb7731e3c	cinnamon	0	2020-11-22 20:03:58.760512	2023-07-04 23:21:02.000000
c820ec13-2ecd-4f8f-923d-08f0c95fd510	239a8eda-05b8-470a-9bf7-031c18b32206	Sauvignon blanc	0	2022-01-10 05:07:12.123567	2023-07-04 23:13:56.000000
c863e776-f733-41eb-abb5-748ce33d51c0	b63a6d9c-b629-4701-a189-ffe111291fa3	pineapple flag	0	2022-01-09 20:10:34.621094	2022-01-09 20:10:34.621094
c88c037d-b9dd-4454-8d0d-df531a57c26c	04172f8a-6b70-4ec3-8dbb-90fe842833ad	overproof pot still lightly aged rum	0	2022-11-11 22:48:15.249726	2022-11-11 22:56:06.000000
c894c06b-e9c7-4a02-88e4-5332b430f92d	455c0a48-478a-43ea-8d51-0d934b4db737	crème de peche	0	2021-03-02 06:23:07.058722	2023-07-04 23:20:31.000000
c9745bd4-4c27-4e85-9d9e-1b86c6f0879c	a2b16f0e-343d-4f70-b916-5a4546b7fcab	kosher salt	0	2021-03-02 06:23:13.762365	2023-07-04 23:19:49.000000
c9c2c18c-2d5a-4203-a9d9-1b320eca3299	a2b16f0e-343d-4f70-b916-5a4546b7fcab	Mixes	1	2022-01-04 19:04:27.305252	2022-01-04 19:04:27.305252
c9ce57da-655a-4c83-95a7-013b88913f07	4b72a73f-b428-4a0d-8302-54cc3d4f4d3f	champagne	0	2020-11-22 20:03:58.760512	2022-11-11 22:55:45.000000
ca1dc349-d3c3-49db-9244-2ff80aab4de2	b5eef26b-3dea-445d-bf1a-e86723e15b1b	oloroso sherry	0	2022-01-10 05:07:24.203965	2023-07-04 23:17:03.000000
cad25166-f869-452e-8c6d-d3c7c00d7914	597938bd-b6a8-4459-ac41-5634286284dc	rainwater madeira	0	2021-03-02 06:22:57.920554	2021-03-02 06:22:57.920554
cc11bdf1-2626-40f1-a3bd-91d4cd9f4c9c	0352d0bf-59ca-465e-8960-b24163428226	sloe gin	0	2020-11-22 20:03:58.760512	2023-07-04 23:22:04.000000
ccc07136-1120-4d00-94d0-eada7ff70089	96d7df23-fc06-44e0-a72a-e2fe767806b9	aged rum	0	2022-01-06 21:22:45.279235	2022-01-10 05:26:44.000000
cd8c7114-4327-487a-9de4-99963dff5538	43e6debb-587d-4178-8930-05ecf4d867de	cola	0	2020-11-22 20:03:58.760512	2022-01-06 22:36:12.000000
cd8f442e-6326-4d8b-9679-091ebc12f5f1	96d7df23-fc06-44e0-a72a-e2fe767806b9	blackstrap rum	0	2021-03-02 06:23:02.884443	2023-07-04 23:23:20.000000
ce25be1d-a848-4a44-afeb-8185c2ab34a4	ffb6993b-0b78-441f-9996-1d0a5fbc45f6	genever	0	2021-03-02 06:23:10.145901	2023-07-04 23:21:42.000000
cef34aa8-a792-4330-b4c4-222b8c72eb2c	4b72a73f-b428-4a0d-8302-54cc3d4f4d3f	sparkling rosé	0	2023-07-04 22:15:51.488790	2023-07-04 23:19:19.000000
cf12d3b8-6acf-496d-8e33-2e979f77bd1a	c9c2c18c-2d5a-4203-a9d9-1b320eca3299	Pendennis Mix	0	2023-07-04 20:19:59.756103	2023-07-04 23:11:48.000000
cf37f410-6c9e-4bfb-95b7-2d359574f8bd	efc98a40-c0af-4457-b4c0-8368614e63c4	Fresno chile	0	2021-03-02 06:22:53.223321	2021-03-02 06:22:53.223321
cf5de226-11b1-40f9-b285-dbfe943ebc09	47e7d05a-1b40-443b-b885-64feae68e6b6	demerara sugar cube	0	2021-03-02 06:23:07.966148	2023-07-04 23:20:03.000000
cf68df71-6a42-457b-a839-bf35a6a3a470	30c2082a-9477-426c-ac1c-a5afd762963a	light aperitivo amaro	0	2023-07-01 17:20:00.834580	2023-07-04 23:22:57.000000
cfa12c4b-9b6d-42c6-a104-ab100d0ff6b5	59e2888d-361d-4374-848f-bd60a4118d59	xanthan gum	0	2021-03-02 06:23:24.434812	2021-03-02 06:23:24.434812
d1f89ffc-cd86-4195-bf86-0cac7e96040c	b11c7b99-278a-4df7-94a0-625b46385c7a	acacia honey syrup	0	2023-07-04 19:41:42.859403	2023-07-04 23:23:34.000000
d247bca4-e737-4dff-a807-955a79d99be7	97d1aa7c-e3ec-4a81-b6ed-806c76d0563c	Peychaud's bitters	0	2020-11-22 20:03:58.760512	2023-07-04 23:23:04.000000
d3290be5-e9f7-4945-a939-a03616460cc0	46fd7d75-49d7-4169-9502-4ba07fde747e	tequila	0	2020-11-22 20:03:58.760512	2022-01-10 05:26:36.000000
d39d1d8e-a1ca-4e82-a094-1243b50394ae	0a6205c5-bbc3-4122-9d0a-75dcfcadf2bc	black raspberry liqueur	0	2023-07-01 17:39:05.159910	2023-07-01 17:39:05.159000
d3e4a405-652d-4b1a-bac4-ccdbeefbcee7	9efa69a1-7732-4192-b09e-48ed9cbb3b96	brown crème de cacao	0	2020-11-22 20:03:58.760512	2022-01-06 22:35:01.000000
d479a145-b70c-476f-92ce-3066cbded8a6	b2175647-412e-4d75-893b-a77e376c3882	column still lightly aged Panama rum	0	2023-07-04 21:55:22.383817	2023-07-04 23:22:50.000000
d4819aba-66a0-485c-a0fc-51f1b0525078	77869385-e3c8-49cf-bb2a-e37a0279ba7e	strawberry liqueur	0	2022-01-10 05:07:28.423437	2022-01-10 05:27:46.000000
d5af00d6-3117-4de8-9f8c-3fe6333cacbd	2c0dd80a-769b-4ea9-bab0-631a2c664480	fuji apple	0	2023-07-04 21:52:48.127304	2023-07-04 23:18:11.000000
d5b4bd25-2faa-4e4b-846a-ac2bec6d0854	09cfd702-7103-405f-b9e0-303ef0209df4	Flavored Bitters	1	2022-01-16 21:47:29.298959	2022-01-16 21:47:29.298959
d5c70dfa-4939-41c6-97ad-0e6889c5383b	ab079f80-479e-4840-a8e9-07fa6b9ef192	scotch whisky	0	2020-11-22 20:03:58.760512	2022-01-06 22:35:25.000000
d628f502-f1c7-4b54-8602-6201a8edd3f3	0b50557f-bd9e-40fb-b863-dfecd3dbdb04	ruby port	0	2021-03-02 06:23:20.982780	2023-07-04 23:20:52.000000
d63448ae-7821-4afc-9c67-bf5acdd2619b	c9c2c18c-2d5a-4203-a9d9-1b320eca3299	Campfire Shrub (has recipe)	0	2022-01-10 05:07:01.008419	2022-01-10 05:27:34.000000
d6844bfc-fbc1-4e2a-bbf4-36ed8146e168	ccc07136-1120-4d00-94d0-eada7ff70089	aged Puerto Rican rum	0	2021-03-02 06:23:01.615906	2022-01-06 22:36:04.000000
d68e60c4-cf25-44bb-976c-eeb9292530cd	efc98a40-c0af-4457-b4c0-8368614e63c4	boysenberry purée (has recipe)	0	2022-01-10 05:07:17.616502	2022-01-10 05:27:10.000000
d69e79af-d517-4f55-98f4-26c65033f76b	b70066b2-7dd9-45cb-98bc-e414a1030f96	kümmel	0	2023-07-04 22:17:06.953443	2023-07-04 23:20:18.000000
d750e792-cc96-4d20-b6be-8f0ae9bacc73	8db7341e-3661-42a4-8a1f-e4e4854d675c	blended aged Barbados rum	0	2022-11-11 22:48:20.113277	2023-07-04 23:23:13.000000
d8384552-19c4-4ebe-a4ea-5cbafb44572d	c9c2c18c-2d5a-4203-a9d9-1b320eca3299	apple-coriander beer syrup (has recipe)	0	2022-01-10 05:07:15.144288	2022-01-10 05:27:25.000000
d8d242a1-a7ec-4aa2-b4c8-e1c950e1bb41	9b7a375a-c14a-4a1b-a4ed-59f076607d57	hot chocolate	0	2022-01-10 05:07:22.264061	2022-01-10 05:28:05.000000
d97cb265-ad3f-4d44-a221-e48fb461b8f8	b70066b2-7dd9-45cb-98bc-e414a1030f96	goldwasser liqueur	0	2022-01-10 05:07:21.297214	2022-01-10 05:27:41.000000
d9a7d8b5-8da8-4fd9-bbed-55f5d6dbf492	4e1e9990-549d-4c88-a757-1c8a84fce084	peach purée	0	2020-11-22 20:03:58.760512	2022-01-10 05:26:47.000000
d9b9df18-11b6-4390-8b1b-4aaaf14a4dca	a2b16f0e-343d-4f70-b916-5a4546b7fcab	Juices	1	2020-11-29 21:07:24.887290	2020-11-29 21:07:24.887290
da3bcc7d-58ea-4b21-aab4-3a5aee2efc3c	1d6a0084-09ed-4b11-95b4-4890bbc7fe3e	rich simple syrup	0	2021-03-02 06:23:20.618091	2023-07-04 23:22:45.000000
da7af91d-880f-4eb4-a96d-1bb965e6bbdd	ea98d956-71a5-4d07-bee7-016ec636011f	green grape	0	2023-07-04 21:52:27.004724	2023-07-04 23:12:45.000000
da7eec86-6f5a-4a12-929e-35ed4eddeeba	8d5256e4-c7fb-4036-be0a-04c9abc644da	blue curaçao	0	2022-11-11 22:48:20.735644	2022-11-11 22:56:12.000000
db459bf7-946d-4d70-9dbe-7c385c288047	b70066b2-7dd9-45cb-98bc-e414a1030f96	rose liqueur	0	2023-07-04 22:07:47.375917	2023-07-04 23:19:24.000000
dbd71109-ec57-4c55-86cd-bc0523f3c1b7	c5fbb673-9e5e-4405-a01f-30bf9ce92e7b	Grape/Wine Distillations	1	2020-11-29 06:09:47.262432	2020-11-29 06:09:47.262432
dc2d9e70-a3e7-4748-84e8-f02e4bf7d124	ccc07136-1120-4d00-94d0-eada7ff70089	aged Cuban-style rum	0	2021-03-02 06:23:01.052576	2021-03-02 06:23:01.052576
dcab1cb5-cfee-436f-9f13-110626d64277	a056a950-d5a1-4087-a29c-1c8f31d9e4f4	sweet amaro	0	2023-07-01 17:38:35.718124	2023-07-04 23:16:47.000000
dd509253-f5c0-4a26-b007-41b9c5af2e1e	55cde4e7-a0f9-4989-809a-a36e5fe74805	rhum agricole ambre	0	2023-07-04 22:14:28.542278	2023-07-04 23:23:13.000000
dd6cc30e-f651-4aff-a01a-0a3f525e0694	ccc07136-1120-4d00-94d0-eada7ff70089	aged blended rum	0	2022-01-07 22:45:38.804859	2022-11-11 22:56:21.000000
dd89e460-3715-49e9-a108-68f06d6bbdf3	9b7a375a-c14a-4a1b-a4ed-59f076607d57	cocao nibs	0	2022-01-10 05:07:19.563281	2022-01-10 05:25:25.000000
dea0b656-af2b-4ce4-b158-04447709b602	d9b9df18-11b6-4390-8b1b-4aaaf14a4dca	cantaloupe juice	0	2023-07-04 20:10:39.811271	2023-07-04 23:19:30.000000
e0996af4-048a-4f48-8839-c22fc16728bb	2810d65b-5b96-4436-80b3-6ee94b5e8f2a	vanilla-spice liqueur	0	2023-07-01 17:45:31.867522	2023-07-01 17:45:31.867522
e1d9a714-621f-4b9a-bada-d39505766eb0	c9c2c18c-2d5a-4203-a9d9-1b320eca3299	Breakfast Cream (has recipe)	0	2022-01-10 05:07:00.821158	2022-01-10 05:26:25.000000
e245172a-caa0-4540-92e3-2b2b117f16b6	100a5b6f-5688-404e-a4fc-000aa937de8d	overproof rye whiskey	0	2021-03-02 06:23:18.628751	2021-03-02 06:23:18.628751
e2495483-b1f6-4324-ad3b-5a34d863e478	ab079f80-479e-4840-a8e9-07fa6b9ef192	oat whiskey	0	2023-07-04 22:00:09.303496	2023-07-04 23:16:18.000000
e2644d75-8b52-4d06-9eac-df62bc86959b	bbfe3af3-0fd9-4284-9c5f-254e6baa8633	coffee bean	0	2022-01-09 20:09:20.052678	2023-07-04 23:19:22.000000
e28cc990-f1db-469e-9cf7-abe133b55eba	f1c8000f-6e5f-4afd-8677-aeb26ff9de3d	cider	0	2023-07-04 21:45:17.501640	2023-07-04 21:45:17.501640
e2ce3461-33f1-463f-ab51-7c26949640f8	3db25894-0a9a-4133-bded-f42285e4de11	blackberry	0	2022-01-06 21:22:45.829380	2023-07-04 23:21:28.000000
e2e65987-947e-4f67-aa40-f13a268b42c0	455c0a48-478a-43ea-8d51-0d934b4db737	crème de abricot	0	2021-03-02 06:23:06.327698	2021-03-02 06:23:06.327698
e3bb6065-3819-491f-96b5-1e913f4c5f30	77869385-e3c8-49cf-bb2a-e37a0279ba7e	patxaran liqueur	0	2022-01-10 05:07:24.778106	2023-07-04 23:17:45.000000
e3e24d91-1d77-43f6-91a7-52248cffafb6	c9c2c18c-2d5a-4203-a9d9-1b320eca3299	hot buttered rum batter	0	2021-03-02 06:22:47.188181	2021-12-26 07:11:08.000000
e41d9909-7ea1-4af3-a9c3-c6b415e47fd7	04172f8a-6b70-4ec3-8dbb-90fe842833ad	blended lightly aged rum	0	2022-11-11 22:48:21.059077	2023-07-04 23:22:41.000000
e4824e8a-8fb2-4bb2-b4b6-4ef78040df10	8adea4e2-ccb0-4080-8e01-0edeb7731e3c	cocoa powder	0	2021-03-02 06:23:05.233309	2021-03-02 06:23:05.233309
e523335f-0255-4d44-a6ce-291a724b7703	9efa69a1-7732-4192-b09e-48ed9cbb3b96	white crème de cacao	0	2022-01-06 21:22:49.726369	2023-07-04 23:20:57.000000
e5cf02dc-5879-411d-94e2-f32f440176c1	455c0a48-478a-43ea-8d51-0d934b4db737	crème de pamplemousse	0	2023-07-01 17:39:38.122242	2023-07-01 17:39:38.122242
e5f163ec-60b5-4322-b158-21189a4ec0c5	1d6a0084-09ed-4b11-95b4-4890bbc7fe3e	Braeburn apple syrup	0	2023-07-04 20:16:10.995875	2023-07-04 23:17:33.000000
e66fe626-abb0-4082-b47e-728c76d89230	d5c70dfa-4939-41c6-97ad-0e6889c5383b	blended Scotch whisky	0	2021-03-02 06:23:03.423638	2023-07-04 23:23:04.000000
e6c9f200-9a34-4230-b4e1-fb7455d54ee4	27afc7ab-ca8a-4dd9-809a-ef819a04c1d1	tabasco sauce	0	2020-11-22 20:03:58.760512	2022-01-06 22:35:35.000000
e798da2c-ea00-4772-82b2-2080857dea81	9c9be338-05e3-4c36-8ad8-2cb629aa63d3	cherry brandy	0	2023-07-04 21:44:15.722139	2023-07-04 23:23:10.000000
e806ff7c-7e10-4e66-833d-719639cb3cf9	d9b9df18-11b6-4390-8b1b-4aaaf14a4dca	apple juice	0	2023-07-04 20:10:03.101698	2023-07-04 23:20:01.000000
e8cff9dd-992c-46a1-a858-d5fa116d9370	780f7f30-19bd-47f4-bbe1-7bc02c693a76	pineapple gum syrup	0	2021-03-02 06:23:19.529656	2021-03-02 06:23:19.529656
e9160466-e9c9-4917-9885-99b57fdd0520	15c2b6bd-2d40-41cf-aeae-827efbe7d1f7	pumpkin butter	0	2023-07-04 22:07:12.513561	2023-07-04 23:16:56.000000
e98bf71c-4cbd-4f43-bce5-a81e3f49c2c0	efc98a40-c0af-4457-b4c0-8368614e63c4	white grapes	0	2022-01-06 21:22:49.533172	2022-01-06 22:36:31.000000
e99f1192-22e2-4b38-8bc4-94703ca4d4a1	8adea4e2-ccb0-4080-8e01-0edeb7731e3c	chile powder	0	2021-03-02 06:23:04.503674	2021-03-02 06:23:04.503674
e9adde8d-de6c-4621-ae87-abc25d123432	8adea4e2-ccb0-4080-8e01-0edeb7731e3c	celery salt	0	2020-11-22 20:03:58.760512	2022-01-10 05:27:58.000000
e9d35a3b-6a7c-4fe0-9a67-65bfe8a096f9	b63a6d9c-b629-4701-a189-ffe111291fa3	edible flower	0	2022-01-10 05:07:20.707935	2022-11-11 22:54:47.000000
ea44dfa8-2d04-432c-beb6-125fa2417297	76a78ec6-1bab-4e65-b3e4-b89cc3c4eee5	aged balsamic vinegar	0	2023-07-04 22:02:54.931619	2023-07-04 23:17:42.000000
ea98d956-71a5-4d07-bee7-016ec636011f	efc98a40-c0af-4457-b4c0-8368614e63c4	grape	0	2023-07-04 21:52:18.038705	2023-07-04 21:52:18.038705
eaf62c49-4a34-4f20-90eb-7c51a2d3419c	b63a6d9c-b629-4701-a189-ffe111291fa3	orange, lime, and cherry flag	0	2022-01-09 20:10:29.998495	2022-01-09 20:10:29.998495
eb84493f-d394-484f-8e00-80e1e187c106	14628b22-0785-4099-9760-0c34a2adaff9	kaffir lime leaf	0	2023-07-04 21:49:58.001105	2023-07-04 23:19:49.000000
ec18363c-413c-4565-94b5-5075f77cba48	c27656c3-5d21-487d-b797-6a44e975cdaa	orange pekoe tea	0	2022-01-10 05:07:24.582883	2022-01-10 05:26:55.000000
ec478592-fc11-4311-8b83-44b7bb78d9b4	d9b9df18-11b6-4390-8b1b-4aaaf14a4dca	lime juice	0	2020-11-22 20:03:58.760512	2023-07-04 23:22:55.000000
ecb8a785-1ab6-43cb-93d3-ed1444d54997	5a84fa41-770b-4ca1-8ffe-74f796dd2277	sour cherry shrub	0	2023-07-04 21:47:02.346833	2023-07-04 23:18:08.000000
ed04d3ae-5784-4fbe-91c6-488c42b3a442	e9d35a3b-6a7c-4fe0-9a67-65bfe8a096f9	edible orchid	0	2022-11-11 22:48:16.401995	2022-11-11 22:56:14.000000
ed154737-eab2-4647-93c1-1f97f1c0132a	0b50557f-bd9e-40fb-b863-dfecd3dbdb04	tawny port	0	2022-01-06 21:22:43.323512	2023-07-04 23:21:57.000000
ed40f693-21de-4d3c-9769-d9e6e486e52a	a056a950-d5a1-4087-a29c-1c8f31d9e4f4	citrus-style amaro	0	2023-07-01 17:38:38.975002	2023-07-04 23:20:21.000000
edc9d478-7c19-458e-89ad-2847db72a711	d9b9df18-11b6-4390-8b1b-4aaaf14a4dca	pineapple juice	0	2020-11-22 20:03:58.760512	2023-07-04 23:22:35.000000
edd57097-693d-45ea-949c-91e5be28ad69	1d6a0084-09ed-4b11-95b4-4890bbc7fe3e	coconut syrup	0	2021-03-02 06:23:05.598372	2021-03-02 06:23:05.598372
ee3dc4da-0959-43f9-ac1b-c0ad4188e72c	b63a6d9c-b629-4701-a189-ffe111291fa3	ice cone	0	2022-11-11 22:48:15.855702	2022-11-11 22:56:06.000000
ee5b759d-60d0-4621-a84f-3ba1a3a27eb2	a056a950-d5a1-4087-a29c-1c8f31d9e4f4	aromatic-style amaro	0	2023-07-04 21:50:49.240799	2023-07-04 23:16:55.000000
eeef011e-6faf-465f-8188-fa789cea84d6	1fb39412-f3a8-4b6e-b135-abd190e610b0	grapefruit marmalade	0	2022-01-10 05:07:21.692864	2022-01-10 05:26:02.000000
ef3776b0-4204-40e9-b9e3-15eaa278edbb	a54fdf4e-4790-4e22-80b7-1e9152725bda	coconut milk	0	2021-03-02 06:23:05.414049	2022-11-11 22:55:21.000000
ef382185-7c92-4ad8-a318-7354a3613df3	01d69ac2-3dd6-4c40-983b-e994462c98a9	pineapple fronds	0	2022-11-11 22:48:14.764189	2022-11-11 22:56:02.000000
efaf380f-16b8-4dc8-8eed-c5cb7f805f95	c9c2c18c-2d5a-4203-a9d9-1b320eca3299	Plum-Marionberry Shrub Mix (has recipe)	0	2022-01-10 05:07:10.822749	2022-01-10 05:27:42.000000
efc98a40-c0af-4457-b4c0-8368614e63c4	a2b16f0e-343d-4f70-b916-5a4546b7fcab	Fruits	1	2020-11-29 21:18:11.836164	2020-11-29 21:18:11.836164
efecff2d-78ae-4c44-96a5-dfa5a7a05e09	c9c2c18c-2d5a-4203-a9d9-1b320eca3299	fig bourbon (has recipe)	0	2022-01-10 05:07:21.102975	2022-01-10 05:27:31.000000
f003d7ff-ed9a-4695-ab8c-59ebc7b75c99	d9b9df18-11b6-4390-8b1b-4aaaf14a4dca	coconut water	0	2022-11-11 22:48:17.663923	2023-07-04 23:14:49.000000
f056c0de-b46a-43c6-8a68-c96b30db9292	455c0a48-478a-43ea-8d51-0d934b4db737	crème de banane	0	2021-03-02 06:23:06.512431	2022-01-10 05:25:35.000000
f0f31f5c-f164-4e08-9f48-1cc3dc145c55	8d5256e4-c7fb-4036-be0a-04c9abc644da	triple sec	0	2020-11-22 20:03:58.760512	2022-01-06 22:36:32.000000
f103d8f4-10ec-4ae0-800d-cfaaf2377b22	e41d9909-7ea1-4af3-a9c3-c6b415e47fd7	blended lightly aged Jamaican rum	0	2023-07-04 21:57:19.276292	2023-07-04 23:20:09.000000
f186d5f9-cc75-47de-a08d-5996565b62dc	c5fbb673-9e5e-4405-a01f-30bf9ce92e7b	Apple Distillations	1	2020-11-29 06:09:20.046620	2020-11-29 06:09:20.046620
f1c8000f-6e5f-4afd-8677-aeb26ff9de3d	3736ddfe-db42-4f31-b94b-b7e66b950ff2	Non-Distilled Alcohol	1	2020-11-29 06:04:47.442206	2020-11-29 06:04:47.442206
f257204a-3ee0-4e45-b8f0-2e8f5daf2960	f186d5f9-cc75-47de-a08d-5996565b62dc	Pommeau de Normandie	0	2022-01-10 05:07:11.178463	2022-01-10 05:27:57.000000
f285bdd2-e4e4-4eec-a42b-acf691105f86	60196d9f-5755-4138-81e9-585c9955129b	Swedish punsch	0	2023-07-04 22:18:52.757479	2023-07-04 23:16:45.000000
f2e7ec64-c55a-4838-a0c8-667b92191871	04172f8a-6b70-4ec3-8dbb-90fe842833ad	pot still unaged rum	0	2022-11-11 22:48:13.765611	2022-11-11 22:56:15.000000
f39a5d1f-f80e-4cd7-8d74-00150496eae2	c297b99c-bba6-4123-9419-833167bbb7de	tarragon and agave nectar gastrique	0	2023-07-04 22:08:37.052182	2023-07-04 23:18:40.000000
f4081996-5a1e-414c-9100-62decef2155a	14d6f18a-b61d-489a-9655-c96fc7e058d9	grapefruit beer	0	2023-07-01 17:46:09.559425	2023-07-01 17:46:09.559425
f4914a16-d1f9-4288-8a7d-635381e4c797	d5b4bd25-2faa-4e4b-846a-ac2bec6d0854	cherry bark and vanilla bitters	0	2023-07-04 20:12:11.547966	2023-07-04 23:14:38.000000
f71a6cc1-6af3-4d0f-88a3-5eef53b1f262	c9c2c18c-2d5a-4203-a9d9-1b320eca3299	Mexican Chocolate Ganache	0	2021-03-02 06:22:47.371101	2021-12-26 07:11:08.000000
f7610647-4ce7-4099-be39-a9db55ab8d29	8adea4e2-ccb0-4080-8e01-0edeb7731e3c	black pepper	0	2020-11-22 20:03:58.760512	2022-01-06 22:35:35.000000
f7b26e11-e2c0-4108-abba-5db9bdb8fb55	3975f6f1-c14b-4574-a95d-ec96d9ced9ab	Cream Liqueur	1	2022-01-16 21:57:01.027068	2022-01-16 21:57:01.027068
f917c9d2-8aeb-4641-8077-d43bd85f58b0	a54fdf4e-4790-4e22-80b7-1e9152725bda	cream	0	2020-11-22 20:03:58.760512	2022-01-10 05:28:05.000000
f99fe6d8-7f50-4f7a-8ad3-33f5a63b0a1f	14d6f18a-b61d-489a-9655-c96fc7e058d9	wheat beer	0	2023-07-04 22:03:45.904163	2023-07-04 23:15:21.000000
fa607095-0b01-4724-903b-466441e81066	09cfd702-7103-405f-b9e0-303ef0209df4	burlesque bitters	0	2023-07-01 17:38:50.078161	2023-07-01 17:38:50.078161
fb4345c5-752c-4893-9b27-f75c873f89de	c9c2c18c-2d5a-4203-a9d9-1b320eca3299	honey foam (has recipe)	0	2022-01-10 05:07:22.086617	2022-01-10 05:25:25.000000
fb75c4a4-ed9d-4123-b7cf-60ddf7276e00	efc98a40-c0af-4457-b4c0-8368614e63c4	Citrus	1	2023-07-04 19:46:17.724719	2023-07-04 19:46:17.724719
fcc38451-0c1e-438d-ac6c-5af13f16e056	d9b9df18-11b6-4390-8b1b-4aaaf14a4dca	orange juice	0	2020-11-22 20:03:58.760512	2023-07-04 23:19:58.000000
fd5fa761-f23e-4bb2-b91c-279a20c8932e	7ef6bd3e-b284-4799-b705-c9f567e95256	cachaça	0	2020-11-22 20:03:58.760512	2023-07-04 23:17:31.000000
fd688725-de8f-448c-837f-5e58cfedc19c	96d7df23-fc06-44e0-a72a-e2fe767806b9	Black Pot Still Unaged Rum	0	2022-11-11 22:36:29.628498	2022-11-11 22:56:02.000000
fd9744b3-b2ee-4fd3-b838-cea4ab3b46ef	4e1e9990-549d-4c88-a757-1c8a84fce084	yellow peach	0	2022-11-11 22:36:26.463831	2022-11-11 22:54:14.000000
fd9dc360-8d0f-4387-8bfd-7f4c61535c2e	1d6a0084-09ed-4b11-95b4-4890bbc7fe3e	rich demerara syrup	0	2021-03-01 02:08:54.072767	2021-03-01 02:08:54.072767
fe6dfb91-99c9-4d9f-b094-e6e2b7d3b6ad	b5eef26b-3dea-445d-bf1a-e86723e15b1b	Pedro Ximénez sherry	0	2021-03-02 06:22:56.840278	2021-03-02 06:22:56.840278
fe7033f2-9d28-480b-af76-fdc9bdbf467d	4b72a73f-b428-4a0d-8302-54cc3d4f4d3f	Moscato d'Asti	0	2022-01-10 05:07:09.058705	2022-01-10 05:27:10.000000
fe8013d8-bbd4-4559-b96b-5a9a70de859f	8adea4e2-ccb0-4080-8e01-0edeb7731e3c	cardamom	0	2021-03-02 06:23:06.147155	2023-07-04 23:22:35.000000
fea90fe0-bba9-4ec4-9daa-b99ae9c12494	b72cad2e-48d2-4ebe-8b45-a8a2ed5abb2f	golden brown sugar	0	2023-07-09 18:36:48.392167	2023-07-09 18:36:48.392167
ffb6993b-0b78-441f-9996-1d0a5fbc45f6	6fa0d3a9-c4e0-4434-92c0-176434a12d70	Juniper-Infused Distillations	1	2022-01-16 22:24:09.519067	2022-01-16 22:24:09.519067
